,now,hex,type,flight,r,t,alt_baro,alt_geom,gs,track,baro_rate,squawk,emergency,category,nav_qnh,nav_altitude_mcp,lat,lon,nic,rc,seen_pos,version,nic_baro,nac_p,nac_v,sil,sil_type,gva,sda,alert,spi,mlat,tisb,messages,seen,rssi,true_heading
0,1669917599.492,a02b45,adsb_icao,N11QN   ,N11QN,EC30,4975,5350.0,94.5,119.82,320.0,1200,none,A7,1016.8,12000.0,19.819931,-155.724384,8,186,0.507,2,1.0,9,2,3,perhour,2.0,2,0.0,0.0,[],[],5376972,0.1,-3.4,
1,1669917629.492,a02b45,adsb_icao,N11QN   ,N11QN,EC30,5100,5475.0,100.3,119.89,256.0,1200,none,A7,1016.8,12000.0,19.813797,-155.711534,8,186,0.043000000000000003,2,1.0,9,2,3,perhour,2.0,2,0.0,0.0,[],[],5377151,0.0,-2.5,
2,1669917659.492,a02b45,adsb_icao,N11QN   ,N11QN,EC30,5225,5600.0,103.7,129.52,384.0,1200,none,A7,1016.8,12000.0,19.805184,-155.699341,8,186,0.17300000000000001,2,1.0,9,2,3,perhour,2.0,2,0.0,0.0,[],[],5377340,0.2,-2.9,
3,1669917689.492,a02b45,adsb_icao,N11QN   ,N11QN,EC30,5375,5775.0,101.7,140.99,320.0,1200,none,A7,1016.8,12000.0,19.795315,-155.688305,8,186,0.111,2,1.0,9,2,3,perhour,2.0,2,0.0,0.0,[],[],5377533,0.1,-16.5,
4,1669917719.492,a02b45,adsb_icao,N11QN   ,N11QN,EC30,5650,6050.0,95.1,157.75,640.0,1200,none,A7,1016.8,12000.0,19.783351,-155.681313,8,186,0.47700000000000004,2,1.0,9,2,3,perhour,2.0,2,0.0,0.0,[],[],5377729,0.1,-3.4,
5,1669917749.492,a02b45,adsb_icao,N11QN   ,N11QN,EC30,5925,6350.0,98.4,161.01,384.0,1200,none,A7,1016.8,12000.0,19.770596,-155.676369,8,186,0.013000000000000001,2,1.0,9,2,3,perhour,2.0,2,0.0,0.0,[],[],5377931,0.0,-6.3,
6,1669917779.492,a02b45,adsb_icao,N11QN   ,N11QN,EC30,6175,6600.0,95.9,163.64,448.0,1200,none,A7,1016.8,12000.0,19.75795,-155.67215,8,186,0.132,2,1.0,9,2,3,perhour,2.0,2,0.0,0.0,[],[],5378129,0.1,-6.3,
7,1669917809.492,a02b45,adsb_icao,N11QN   ,N11QN,EC30,6450,6900.0,93.9,154.8,384.0,1200,none,A7,1016.8,12000.0,19.745544,-155.667539,8,186,0.308,2,1.0,9,2,3,perhour,2.0,2,0.0,0.0,[],[],5378320,0.0,-4.1,
8,1669917839.492,a02b45,adsb_icao,N11QN   ,N11QN,EC30,6650,7100.0,95.4,150.48,320.0,1200,none,A7,1016.8,12000.0,19.7341,-155.660771,8,186,0.396,2,1.0,9,2,3,perhour,2.0,2,0.0,0.0,[],[],5378516,0.0,-3.2,
9,1669917869.492,a02b45,adsb_icao,N11QN   ,N11QN,EC30,6900,7375.0,93.3,149.04,512.0,1200,none,A7,1016.8,12000.0,19.722787,-155.653997,8,186,0.514,2,1.0,9,2,3,perhour,2.0,2,0.0,0.0,[],[],5378710,0.1,-3.5,
10,1669917899.492,a02b45,adsb_icao,N11QN   ,N11QN,EC30,7050,7525.0,97.2,156.34,256.0,1200,none,A7,1016.8,12000.0,19.710916,-155.647705,8,186,0.538,2,1.0,9,2,3,perhour,2.0,2,0.0,0.0,[],[],5378908,0.0,-4.2,
11,1669917929.492,a02b45,adsb_icao,N11QN   ,N11QN,EC30,7200,7675.0,95.3,151.82,320.0,1200,none,A7,1016.8,12000.0,19.698761,-155.64179,8,186,0.406,2,1.0,9,2,3,perhour,2.0,2,0.0,0.0,[],[],5379093,0.4,-4.0,
12,1669917959.492,a02b45,adsb_icao,N11QN   ,N11QN,EC30,7375,7875.0,94.3,145.8,448.0,1200,none,A7,1016.8,12000.0,19.687081,-155.634921,8,186,0.404,2,1.0,9,2,3,perhour,2.0,2,0.0,0.0,[],[],5379284,0.4,-5.1,
13,1669917989.492,a02b45,adsb_icao,N11QN   ,N11QN,EC30,7650,8175.0,87.3,129.89,576.0,1200,none,A7,1016.8,12000.0,19.678143,-155.625433,8,186,0.036000000000000004,2,1.0,9,2,3,perhour,2.0,2,0.0,0.0,[],[],5379486,0.0,-3.1,
14,1669918019.492,a02b45,adsb_icao,N11QN   ,N11QN,EC30,7825,8350.0,94.6,123.35,320.0,1200,none,A7,1016.8,12000.0,19.670415,-155.614946,8,186,0.006,2,1.0,9,2,3,perhour,2.0,2,0.0,0.0,[],[],5379683,0.0,-8.5,
15,1669918049.492,a02b45,adsb_icao,N11QN   ,N11QN,EC30,7950,8475.0,96.6,121.88,256.0,1200,none,A7,1016.8,12000.0,19.663513000000002,-155.602946,8,186,0.676,2,1.0,9,2,3,perhour,2.0,2,0.0,0.0,[],[],5379874,0.7000000000000001,-17.0,
16,1669918079.492,a02b45,adsb_icao,N11QN   ,N11QN,EC30,8125,8675.0,91.4,127.0,576.0,1200,none,A7,1016.8,12000.0,19.656235,-155.591027,8,186,0.269,2,1.0,9,2,3,perhour,2.0,2,0.0,0.0,[],[],5380064,0.30000000000000004,-15.1,
17,1669918109.492,a02b45,adsb_icao,N11QN   ,N11QN,EC30,8350,8900.0,90.4,119.12,512.0,1200,none,A7,1016.8,12000.0,19.648443,-155.580389,8,186,0.455,2,1.0,9,2,3,perhour,2.0,2,0.0,0.0,[],[],5380229,0.1,-13.7,
18,1669918139.492,a02b45,adsb_icao,N11QN   ,N11QN,EC30,8550,9125.0,89.8,127.76,384.0,1200,none,A7,1016.8,12000.0,19.641403,-155.569447,8,186,0.034,2,1.0,9,2,3,perhour,2.0,2,0.0,0.0,[],[],5380415,0.0,-25.9,
19,1669918169.492,a02b45,adsb_icao,N11QN   ,N11QN,EC30,8750,9325.0,89.9,132.75,320.0,1200,none,A7,1016.8,12000.0,19.63336,-155.559315,8,186,0.109,2,1.0,9,2,3,perhour,2.0,2,0.0,0.0,[],[],5380604,0.1,-14.5,
20,1669918199.492,a02b45,adsb_icao,N11QN   ,N11QN,EC30,8975,9575.0,85.1,139.76,384.0,1200,none,A7,1016.8,12000.0,19.624282,-155.551025,8,186,0.319,2,1.0,9,2,3,perhour,2.0,2,0.0,0.0,[],[],5380799,0.30000000000000004,-14.7,
21,1669918229.492,a02b45,adsb_icao,N11QN   ,N11QN,EC30,9100,9700.0,87.7,151.39,448.0,1200,none,A7,1016.8,12000.0,19.614366,-155.542935,8,186,0.265,2,1.0,9,2,3,perhour,2.0,2,0.0,0.0,[],[],5381014,0.30000000000000004,-15.8,
22,1669918259.492,a02b45,adsb_icao,N11QN   ,N11QN,EC30,9325,9950.0,81.0,167.16,448.0,1200,none,A7,1016.8,12000.0,19.603473,-155.53889,8,186,0.462,2,1.0,9,2,3,perhour,2.0,2,0.0,0.0,[],[],5381234,0.30000000000000004,-8.1,
23,1669918289.492,a02b45,adsb_icao,N11QN   ,N11QN,EC30,9575,10225.0,75.0,166.89,448.0,1200,none,A7,1016.8,12000.0,19.59288,-155.5359,8,186,0.198,2,1.0,9,2,3,perhour,2.0,2,0.0,0.0,[],[],5381467,0.1,-13.3,
24,1669918319.492,a02b45,adsb_icao,N11QN   ,N11QN,EC30,9750,10400.0,80.3,175.0,64.0,1200,none,A7,1016.8,12000.0,19.582672,-155.534575,8,186,0.045,2,1.0,9,2,3,perhour,2.0,2,0.0,0.0,[],[],5381705,0.0,-12.6,
25,1669918349.492,a02b45,adsb_icao,N11QN   ,N11QN,EC30,10050,10725.0,72.8,195.95,640.0,1200,none,A7,1016.8,12000.0,19.57205,-155.534895,8,186,0.336,2,1.0,9,2,3,perhour,2.0,2,0.0,0.0,[],[],5381939,0.30000000000000004,-13.1,
26,1669918379.492,a02b45,adsb_icao,N11QN   ,N11QN,EC30,10350,11050.0,73.4,207.61,640.0,1200,none,A7,1016.8,12000.0,19.562485,-155.539333,8,186,0.0,2,1.0,9,2,3,perhour,2.0,2,0.0,0.0,[],[],5382176,0.0,-14.3,
27,1669918409.492,a02b45,adsb_icao,N11QN   ,N11QN,EC30,10650,11350.0,69.4,222.66,576.0,1200,none,A7,1016.8,12000.0,19.554428,-155.545316,8,186,0.068,2,1.0,9,2,3,perhour,2.0,2,0.0,0.0,[],[],5382399,0.1,-15.1,
28,1669918439.492,a02b45,adsb_icao,N11QN   ,N11QN,EC30,10775,11475.0,78.1,267.06,64.0,1200,none,A7,1016.8,12000.0,19.54953,-155.554586,8,186,0.11900000000000001,2,1.0,9,2,3,perhour,2.0,2,0.0,0.0,[],[],5382628,0.1,-16.6,
29,1669918469.492,a02b45,adsb_icao,N11QN   ,N11QN,EC30,10775,11475.0,84.2,13.05,0.0,1200,none,A7,1016.8,12000.0,19.556595,-155.561612,8,186,0.619,2,1.0,9,2,3,perhour,2.0,2,0.0,0.0,[],[],5382845,0.30000000000000004,-9.0,
30,1669918499.492,a02b45,adsb_icao,N11QN   ,N11QN,EC30,10800,11500.0,100.0,91.72,64.0,1200,none,A7,1016.8,12000.0,19.562073,-155.550466,8,186,0.041,2,1.0,9,2,3,perhour,2.0,2,0.0,0.0,[],[],5383070,0.0,-10.2,
31,1669918529.492,a02b45,adsb_icao,N11QN   ,N11QN,EC30,10750,11450.0,102.0,91.12,128.0,1200,none,A7,1016.8,12000.0,19.560878,-155.535345,8,186,0.335,2,1.0,9,2,3,perhour,2.0,2,0.0,0.0,[],[],5383299,0.1,-12.8,
32,1669918559.492,a02b45,adsb_icao,N11QN   ,N11QN,EC30,10875,11600.0,78.7,25.59,256.0,1200,none,A7,1016.8,12000.0,19.564742,-155.52291,8,186,0.184,2,1.0,9,2,3,perhour,2.0,2,0.0,0.0,[],[],5383533,0.2,-7.1,
33,1669918589.492,a02b45,adsb_icao,N11QN   ,N11QN,EC30,10850,11550.0,82.9,250.25,0.0,1200,none,A7,1016.8,12000.0,19.569992,-155.529622,8,186,0.049,2,1.0,9,2,3,perhour,2.0,2,0.0,0.0,[],[],5383760,0.0,-9.2,
34,1669918619.492,a02b45,adsb_icao,N11QN   ,N11QN,EC30,10875,11575.0,86.2,232.07,64.0,1200,none,A7,1016.8,12000.0,19.562926,-155.53964,8,186,0.275,2,1.0,9,2,3,perhour,2.0,2,0.0,0.0,[],[],5383991,0.0,-19.3,
35,1669918649.492,a02b45,adsb_icao,N11QN   ,N11QN,EC30,10825,11525.0,85.1,250.07,0.0,1200,none,A7,1016.8,12000.0,19.556396,-155.550515,8,186,0.34600000000000003,2,1.0,9,2,3,perhour,2.0,2,0.0,0.0,[],[],5384220,0.30000000000000004,-9.0,
36,1669918679.492,a02b45,adsb_icao,N11QN   ,N11QN,EC30,10750,11450.0,84.5,353.88,-64.0,1200,none,A7,1016.8,12000.0,19.56125,-155.559565,8,186,0.315,2,1.0,9,2,3,perhour,2.0,2,0.0,0.0,[],[],5384449,0.2,-11.1,
37,1669918709.492,a02b45,adsb_icao,N11QN   ,N11QN,EC30,10750,11450.0,97.9,82.37,-128.0,1200,none,A7,1016.8,12000.0,19.568931,-155.550626,8,186,0.06,2,1.0,9,2,3,perhour,2.0,2,0.0,0.0,[],[],5384684,0.1,-11.7,
38,1669918739.492,a02b45,adsb_icao,N11QN   ,N11QN,EC30,10675,11375.0,101.0,58.36,-128.0,1200,none,A7,1016.8,12000.0,19.573587,-155.536743,8,186,0.026000000000000002,2,1.0,9,2,3,perhour,2.0,2,0.0,0.0,[],[],5384909,0.0,-9.0,
39,1669918769.492,a02b45,adsb_icao,N11QN   ,N11QN,EC30,10500,11175.0,95.1,33.86,-384.0,1200,none,A7,1016.8,12000.0,19.583083,-155.526756,8,186,0.316,2,1.0,9,2,3,perhour,2.0,2,0.0,0.0,[],[],5385142,0.30000000000000004,-12.8,
40,1669918799.492,a02b45,adsb_icao,N11QN   ,N11QN,EC30,10250,10925.0,95.3,20.91,-448.0,1200,none,A7,1016.8,12000.0,19.594768,-155.519964,8,186,0.559,2,1.0,9,2,3,perhour,2.0,2,0.0,0.0,[],[],5385371,0.30000000000000004,-8.8,
41,1669918829.492,a02b45,adsb_icao,N11QN   ,N11QN,EC30,10025,10675.0,84.4,354.56,-128.0,1200,none,A7,1016.8,12000.0,19.606872,-155.514321,8,186,0.364,2,1.0,9,2,3,perhour,2.0,2,0.0,0.0,[],[],5385575,0.1,-4.4,
42,1669918859.492,a02b45,adsb_icao,N11QN   ,N11QN,EC30,10050,10700.0,91.8,172.49,-128.0,1200,none,A7,1016.8,12000.0,19.603592,-155.519714,8,186,0.185,2,1.0,9,2,3,perhour,2.0,2,0.0,0.0,[],[],5385790,0.0,-9.6,
43,1669918889.492,a02b45,adsb_icao,N11QN   ,N11QN,EC30,10075,10725.0,93.4,185.53,128.0,1200,none,A7,1016.8,12000.0,19.590775,-155.518635,8,186,0.47800000000000004,2,1.0,9,2,3,perhour,2.0,2,0.0,0.0,[],[],5386015,0.5,-6.3,
44,1669918919.492,a02b45,adsb_icao,N11QN   ,N11QN,EC30,10200,10875.0,82.9,199.75,448.0,1200,none,A7,1016.8,12000.0,19.578894,-155.522111,8,186,0.642,2,1.0,8,2,3,perhour,1.0,2,0.0,0.0,[],[],5386240,0.30000000000000004,-12.0,
45,1669918949.492,a02b45,adsb_icao,N11QN   ,N11QN,EC30,10175,10850.0,76.3,325.68,-384.0,1200,none,A7,1016.8,12000.0,19.576473,-155.529752,8,186,0.526,2,1.0,8,2,3,perhour,1.0,2,0.0,0.0,[],[],5386455,0.5,-14.5,
46,1669918979.492,a02b45,adsb_icao,N11QN   ,N11QN,EC30,9925,10575.0,97.0,1.77,-512.0,1200,none,A7,1016.8,12000.0,19.588949,-155.529552,8,186,0.263,2,1.0,8,2,3,perhour,1.0,2,0.0,0.0,[],[],5386682,0.1,-9.8,
47,1669919009.492,a02b45,adsb_icao,N11QN   ,N11QN,EC30,9800,10450.0,96.6,36.16,-256.0,1200,none,A7,1016.8,12000.0,19.601378,-155.526007,8,186,0.531,2,1.0,8,2,3,perhour,1.0,2,0.0,0.0,[],[],5386907,0.30000000000000004,-7.6,
48,1669919039.498,a02b45,adsb_icao,N11QN   ,N11QN,EC30,9675,10325.0,86.5,112.42,-192.0,1200,none,A7,1016.8,12000.0,19.607529,-155.515104,8,186,0.353,2,1.0,8,2,3,perhour,1.0,2,0.0,0.0,[],[],5387138,0.4,-9.5,
49,1669919069.492,a02b45,adsb_icao,N11QN   ,N11QN,EC30,9625,10250.0,70.1,182.45,0.0,1200,none,A7,1016.8,12000.0,19.598539,-155.509976,8,186,0.20400000000000001,2,1.0,8,2,3,perhour,1.0,2,0.0,0.0,[],[],5387368,0.2,-8.2,
50,1669919099.492,a02b45,adsb_icao,N11QN   ,N11QN,EC30,9550,10175.0,74.2,284.04,-128.0,1200,none,A7,1016.8,12000.0,19.594299,-155.517605,8,186,0.637,2,1.0,8,2,3,perhour,1.0,2,0.0,0.0,[],[],5387597,0.2,-11.3,
51,1669919129.492,a02b45,adsb_icao,N11QN   ,N11QN,EC30,9400,10000.0,94.5,309.42,-192.0,1200,none,A7,1016.8,12000.0,19.600634,-155.528703,8,186,0.32,2,1.0,8,2,3,perhour,1.0,2,0.0,0.0,[],[],5387832,0.1,-13.3,
52,1669919159.492,a02b45,adsb_icao,N11QN   ,N11QN,EC30,9275,9875.0,100.6,311.78,-448.0,1200,none,A7,1016.8,12000.0,19.609818,-155.539284,8,186,0.42,2,1.0,8,2,3,perhour,1.0,2,0.0,0.0,[],[],5388065,0.1,-12.6,
53,1669919189.492,a02b45,adsb_icao,N11QN   ,N11QN,EC30,9100,9675.0,103.2,315.0,-384.0,1200,none,A7,1016.8,12000.0,19.619441,-155.550476,8,186,0.059000000000000004,2,1.0,8,2,3,perhour,1.0,2,0.0,0.0,[],[],5388301,0.1,-15.5,
54,1669919219.492,a02b45,adsb_icao,N11QN   ,N11QN,EC30,8875,9450.0,105.6,318.46,-320.0,1200,none,A7,1016.8,12000.0,19.629682,-155.561013,8,186,0.656,2,1.0,8,2,3,perhour,1.0,2,0.0,0.0,[],[],5388510,0.2,-12.2,
55,1669919249.492,a02b45,adsb_icao,N11QN   ,N11QN,EC30,8650,9225.0,106.3,324.96,-512.0,1200,none,A7,1016.8,12000.0,19.641367,-155.570501,8,186,0.305,2,1.0,8,2,3,perhour,1.0,2,0.0,0.0,[],[],5388703,0.30000000000000004,-8.4,
56,1669919279.492,a02b45,adsb_icao,N11QN   ,N11QN,EC30,8550,9100.0,101.7,309.01,-192.0,1200,none,A7,1016.8,12000.0,19.652074,-155.580888,8,186,0.039,2,1.0,8,2,3,perhour,1.0,2,0.0,0.0,[],[],5388897,0.0,-12.4,
57,1669919309.492,a02b45,adsb_icao,N11QN   ,N11QN,EC30,8350,8900.0,108.6,310.14,-448.0,1200,none,A7,1016.8,12000.0,19.661545,-155.59294,8,186,0.009000000000000001,2,1.0,8,2,3,perhour,1.0,2,0.0,0.0,[],[],5389091,0.0,-14.7,
58,1669919339.492,a02b45,adsb_icao,N11QN   ,N11QN,EC30,8125,8650.0,112.4,308.5,-512.0,1200,none,A7,1016.8,12000.0,19.671346,-155.605358,8,186,0.11900000000000001,2,1.0,8,2,3,perhour,1.0,2,0.0,0.0,[],[],5389282,0.1,-10.2,
59,1669919369.492,a02b45,adsb_icao,N11QN   ,N11QN,EC30,7900,8400.0,114.6,312.88,-448.0,1200,none,A7,1016.8,12000.0,19.681595,-155.617561,8,186,0.385,2,1.0,8,2,3,perhour,1.0,2,0.0,0.0,[],[],5389460,0.4,-15.2,
60,1669919399.492,a02b45,adsb_icao,N11QN   ,N11QN,EC30,7725,8225.0,112.4,324.05,-128.0,1200,none,A7,1016.8,12000.0,19.693272,-155.629478,8,186,0.045,2,1.0,8,2,3,perhour,1.0,2,0.0,0.0,[],[],5389653,0.0,-6.1,
61,1669919429.492,a02b45,adsb_icao,N11QN   ,N11QN,EC30,7650,8150.0,111.2,326.74,-320.0,1200,none,A7,1016.8,12000.0,19.706121,-155.637867,8,186,0.23600000000000002,2,1.0,8,2,3,perhour,1.0,2,0.0,0.0,[],[],5389829,0.2,-7.0,
62,1669919459.492,a02b45,adsb_icao,N11QN   ,N11QN,EC30,7550,8025.0,112.1,325.18,-256.0,1200,none,A7,1016.8,12000.0,19.71904,-155.647234,8,186,0.155,2,1.0,8,2,3,perhour,1.0,2,0.0,0.0,[],[],5390023,0.2,-5.1,
63,1669919489.492,a02b45,adsb_icao,N11QN   ,N11QN,EC30,7150,7625.0,111.5,320.46,-1408.0,1200,none,A7,1016.8,12000.0,19.731399,-155.657593,8,186,0.068,2,1.0,8,2,3,perhour,1.0,2,0.0,0.0,[],[],5390207,0.1,-5.7,
64,1669919519.492,a02b45,adsb_icao,N11QN   ,N11QN,EC30,6500,6925.0,116.4,323.03,-1216.0,1200,none,A7,1016.8,12000.0,19.744014,-155.667431,8,186,0.198,2,1.0,8,2,3,perhour,1.0,2,0.0,0.0,[],[],5390392,0.2,-6.6,
65,1669919549.492,a02b45,adsb_icao,N11QN   ,N11QN,EC30,5950,6350.0,116.7,308.74,-960.0,1200,none,A7,1016.8,12000.0,19.756211,-155.678966,8,186,0.492,2,1.0,8,2,3,perhour,1.0,2,0.0,0.0,[],[],5390574,0.0,-4.0,
66,1669919579.492,a02b45,adsb_icao,N11QN   ,N11QN,EC30,5550,5925.0,113.1,308.9,-704.0,1200,none,A7,1016.8,12000.0,19.765228,-155.692896,8,186,0.062,2,1.0,8,2,3,perhour,1.0,2,0.0,0.0,[],[],5390760,0.1,-6.2,
67,1669919609.492,a02b45,adsb_icao,N11QN   ,N11QN,EC30,5225,5600.0,116.1,317.79,-512.0,1200,none,A7,1016.8,12000.0,19.776077,-155.705354,8,186,0.356,2,1.0,8,2,3,perhour,1.0,2,0.0,0.0,[],[],5390946,0.4,-9.3,
68,1669919639.492,a02b45,adsb_icao,N11QN   ,N11QN,EC30,4975,5325.0,118.7,325.64,-640.0,1200,none,A7,1016.8,12000.0,19.788844,-155.715521,8,186,0.369,2,1.0,9,2,3,perhour,1.0,2,0.0,0.0,[],[],5391135,0.4,-2.8,
69,1669919669.492,a02b45,adsb_icao,N11QN   ,N11QN,EC30,4650,5000.0,126.0,317.57,-640.0,1200,none,A7,1016.8,12000.0,19.802298,-155.727256,8,186,0.012,2,1.0,9,2,3,perhour,1.0,2,0.0,0.0,[],[],5391332,0.0,-13.1,
70,1669919699.492,a02b45,adsb_icao,N11QN   ,N11QN,EC30,4325,4650.0,130.1,313.75,-832.0,1200,none,A7,1016.8,12000.0,19.814634,-155.739741,8,186,0.917,2,1.0,9,2,3,perhour,1.0,2,0.0,0.0,[],[],5391519,0.30000000000000004,-6.1,
71,1669919729.492,a02b45,adsb_icao,N11QN   ,N11QN,EC30,3950,4250.0,128.7,314.37,-704.0,1200,none,A7,1016.8,12000.0,19.827389,-155.753723,8,186,0.494,2,1.0,9,2,3,perhour,1.0,2,0.0,0.0,[],[],5391707,0.5,-4.8,
72,1669919759.492,a02b45,adsb_icao,N11QN   ,N11QN,EC30,3650,3925.0,128.7,315.63,-448.0,1200,none,A7,1016.8,12000.0,19.840424,-155.767456,8,186,0.069,2,1.0,9,2,3,perhour,1.0,2,0.0,0.0,[],[],5391894,0.1,-3.6,
73,1669919789.492,a02b45,adsb_icao,N11QN   ,N11QN,EC30,3425,3700.0,126.7,317.88,-384.0,1200,none,A7,1016.8,12000.0,19.853348,-155.780198,8,186,0.019,2,1.0,9,2,3,perhour,1.0,2,0.0,0.0,[],[],5392084,0.0,-2.7,
74,1669919819.492,a02b45,adsb_icao,N11QN   ,N11QN,EC30,3225,3500.0,127.3,316.27,-704.0,1200,none,A7,1016.8,12000.0,19.866211,-155.792607,8,186,0.38,2,1.0,9,2,3,perhour,1.0,2,0.0,0.0,[],[],5392268,0.4,-3.3,
75,1669919849.492,a02b45,adsb_icao,N11QN   ,N11QN,EC30,2675,2925.0,131.2,303.81,-1024.0,1200,none,A7,1016.8,12000.0,19.877806,-155.807456,8,186,0.246,2,1.0,9,2,3,perhour,1.0,2,0.0,0.0,[],[],5392444,0.2,-2.5,
76,1669919879.492,a02b45,adsb_icao,N11QN   ,N11QN,EC30,2000,2225.0,129.2,296.17,-1152.0,1200,none,A7,1016.8,12000.0,19.886719,-155.824291,8,186,0.039,2,1.0,9,2,3,perhour,1.0,2,0.0,0.0,[],[],5392628,0.0,-2.4,
77,1669919909.492,a02b45,adsb_icao,N11QN   ,N11QN,EC30,1425,1625.0,123.0,295.52,-1216.0,1200,none,A7,1016.8,12000.0,19.894363,-155.840868,8,186,0.053,2,1.0,9,2,3,perhour,1.0,2,0.0,0.0,[],[],5392813,0.1,-3.3,
78,1669919939.492,a02b45,adsb_icao,N11QN   ,N11QN,EC30,850,1025.0,110.4,305.42,-1024.0,1200,none,A7,1016.8,12000.0,19.902152,-155.855596,8,186,0.457,2,1.0,9,2,3,perhour,1.0,2,0.0,0.0,[],[],5393003,0.5,-3.5,
79,1669919969.492,a02b45,adsb_icao,N11QN   ,N11QN,EC30,375,550.0,77.9,326.51,-640.0,1200,none,A7,1016.8,12000.0,19.910858,-155.866633,8,186,0.263,2,1.0,9,2,3,perhour,1.0,2,0.0,0.0,[],[],5393187,0.30000000000000004,-3.0,
80,1669919999.492,a02b45,adsb_icao,N11QN   ,N11QN,EC30,175,350.0,48.6,53.37,-512.0,1200,none,A7,1016.8,12000.0,19.91798,-155.864785,8,186,0.615,2,1.0,9,2,3,perhour,1.0,2,0.0,0.0,[],[],5393384,0.2,-6.6,
81,1669920029.492,a02b45,adsb_icao,N11QN   ,N11QN,EC30,50,200.0,9.0,63.43,-192.0,1200,none,A7,1016.8,12000.0,19.919998,-155.861566,8,186,0.651,2,1.0,9,2,3,perhour,1.0,2,0.0,0.0,[],[],5393553,0.30000000000000004,-10.7,
82,1669920059.492,a02b45,adsb_icao,N11QN   ,N11QN,EC30,ground,225.0,0.9,56.31,-128.0,1200,none,A7,1016.8,12000.0,19.920517,-155.860927,8,186,0.2,2,1.0,9,2,3,perhour,1.0,2,0.0,0.0,[],[],5393621,0.2,-20.7,120.94
83,1669920089.492,a02b45,adsb_icao,N11QN   ,N11QN,EC30,ground,225.0,0.0,56.31,-128.0,1200,none,A7,1016.8,12000.0,19.920513,-155.860928,8,186,2.52,2,1.0,9,2,3,perhour,,2,0.0,0.0,[],[],5393651,1.0,-26.0,120.94
84,1669920119.492,a02b45,adsb_icao,N11QN   ,N11QN,EC30,ground,,0.0,,,1200,none,A7,,,19.920513,-155.860928,8,186,2.379,2,,9,2,3,perhour,,2,,,[],[],5393668,0.6000000000000001,-26.3,118.12
85,1669920149.492,a02b45,adsb_icao,N11QN   ,N11QN,EC30,ground,,0.0,,,1200,none,A7,,,19.920517,-155.860927,8,186,2.743,2,,9,2,3,perhour,,2,,,[],[],5393684,0.0,-25.4,118.12
86,1669920179.492,a02b45,adsb_icao,N11QN   ,N11QN,EC30,ground,,0.0,,,1200,none,A7,,,19.920517,-155.860927,8,186,3.192,2,,9,2,3,perhour,,2,,,[],[],5393702,0.0,-26.3,120.94
87,1669920209.492,a02b45,adsb_icao,N11QN   ,N11QN,EC30,ground,,0.0,,,1200,none,A7,,,19.920517,-155.860927,8,186,8.869,2,,9,2,3,perhour,,2,,,[],[],5393719,3.5,-26.1,120.94
88,1669920239.493,a02b45,adsb_icao,N11QN   ,N11QN,EC30,ground,,0.0,,,1200,none,A7,,,19.920513,-155.860928,8,186,8.956,2,,9,2,3,perhour,,2,,,[],[],5393736,3.8,-24.5,118.12
89,1669920269.492,a02b45,adsb_icao,N11QN   ,N11QN,EC30,ground,,0.0,,,1200,none,A7,,,19.920517,-155.860927,8,186,4.098,2,,9,2,3,perhour,,2,,,[],[],5393750,4.1,-24.3,120.94
90,1669920299.492,a02b45,adsb_icao,N11QN   ,N11QN,EC30,ground,,0.0,,,1200,none,A7,,,19.920513,-155.860928,8,186,13.847,2,,9,2,3,perhour,,2,,,[],[],5393765,4.8,-24.2,120.94
91,1669920329.492,a02b45,adsb_icao,N11QN   ,N11QN,EC30,ground,,0.0,,,1200,none,A7,,,19.920513,-155.860928,8,186,43.847,2,,9,2,3,perhour,,2,,,[],[],5393765,34.8,-24.2,120.94
92,1669921289.492,a02b45,adsb_icao,N11QN   ,N11QN,EC30,ground,,,,,1200,none,A7,,,19.920513,-155.860928,8,186,2.121,2,,9,2,3,perhour,,2,,,[],[],5393828,0.30000000000000004,-25.1,118.12
93,1669921319.492,a02b45,adsb_icao,N11QN   ,N11QN,EC30,ground,,0.0,,,1200,none,A7,,,19.920517,-155.860927,8,186,8.538,2,,9,2,3,perhour,,2,,,[],[],5393860,0.8,-23.7,118.12
94,1669921349.492,a02b45,adsb_icao,N11QN   ,N11QN,EC30,ground,,0.0,,,1200,none,A7,,,19.920513,-155.860928,8,186,3.854,2,,9,2,3,perhour,,2,,,[],[],5393878,0.7000000000000001,-25.1,118.12
95,1669921379.492,a02b45,adsb_icao,N11QN   ,N11QN,EC30,ground,,0.0,,,1200,none,A7,,,19.920517,-155.860927,8,186,3.048,2,,9,2,3,perhour,,2,,,[],[],5393893,0.6000000000000001,-25.7,118.12
96,1669921409.492,a02b45,adsb_icao,N11QN   ,N11QN,EC30,ground,,9.2,,,1200,none,A7,,,19.920067,-155.861296,8,186,0.79,2,,9,2,3,perhour,,2,,,[],[],5393938,0.4,-19.0,253.12
97,1669921439.492,a02b45,adsb_icao,N11QN   ,N11QN,EC30,75,250.0,25.6,69.44,320.0,1200,none,A7,1016.8,12000.0,19.920227,-155.86083,8,186,0.0,2,1.0,9,2,3,perhour,2.0,2,0.0,0.0,[],[],5394020,0.0,-16.2,67.5
98,1669921469.492,a02b45,adsb_icao,N11QN   ,N11QN,EC30,450,625.0,71.3,58.76,640.0,1200,none,A7,1016.8,12000.0,19.92217,-155.85305,8,186,0.0,2,1.0,9,2,3,perhour,2.0,2,0.0,0.0,[],[],5394207,0.0,-2.2,67.5
99,1669921499.492,a02b45,adsb_icao,N11QN   ,N11QN,EC30,850,1050.0,84.2,45.48,704.0,1200,none,A7,1016.8,12000.0,19.929106,-155.84471,8,186,0.739,2,1.0,9,2,3,perhour,2.0,2,0.0,0.0,[],[],5394378,0.2,-1.7000000000000002,
100,1669921529.492,a02b45,adsb_icao,N11QN   ,N11QN,EC30,1075,1275.0,91.6,36.12,384.0,1200,none,A7,1016.8,12000.0,19.938696,-155.83627,8,186,0.265,2,1.0,9,2,3,perhour,2.0,2,0.0,0.0,[],[],5394516,0.30000000000000004,-1.8,
101,1669921559.492,a02b45,adsb_icao,N11QN   ,N11QN,EC30,1350,1550.0,93.8,31.49,448.0,1200,none,A7,1016.8,12000.0,19.948565,-155.829129,8,186,2.028,2,1.0,9,2,3,perhour,2.0,2,0.0,0.0,[],[],5394612,0.7000000000000001,-1.6,
102,1669921589.492,a02b45,adsb_icao,N11QN   ,N11QN,EC30,1525,1725.0,97.9,34.18,320.0,1200,none,A7,1016.8,12000.0,19.960556,-155.821642,8,186,1.062,2,1.0,9,2,3,perhour,2.0,2,0.0,0.0,[],[],5394720,0.1,-1.6,
103,1669921619.492,a02b45,adsb_icao,N11QN   ,N11QN,EC30,1700,1925.0,95.4,38.19,384.0,1200,none,A7,1016.8,12000.0,19.971329,-155.8127,8,186,0.529,2,1.0,9,2,3,perhour,2.0,2,0.0,0.0,[],[],5394835,0.5,-1.6,
104,1669921649.492,a02b45,adsb_icao,N11QN   ,N11QN,EC30,1925,2150.0,95.5,43.73,256.0,1200,none,A7,1016.8,12000.0,19.980469,-155.804133,8,186,3.129,2,1.0,9,2,3,perhour,2.0,2,0.0,0.0,[],[],5394990,0.0,-1.5,
105,1669921679.492,a02b45,adsb_icao,N11QN   ,N11QN,EC30,2150,2400.0,97.1,32.38,320.0,1200,none,A7,1016.8,12000.0,19.992096,-155.795059,8,186,0.5650000000000001,2,1.0,9,2,3,perhour,2.0,2,0.0,0.0,[],[],5395089,0.6000000000000001,-2.7,
106,1669921709.492,a02b45,adsb_icao,N11QN   ,N11QN,EC30,2350,2600.0,97.5,10.04,512.0,1200,none,A7,1016.8,12000.0,20.00473,-155.790007,8,186,0.7030000000000001,2,1.0,9,2,3,perhour,2.0,2,0.0,0.0,[],[],5395268,0.2,-4.4,
107,1669921739.492,a02b45,adsb_icao,N11QN   ,N11QN,EC30,2675,2950.0,93.1,2.46,640.0,1200,none,A7,1016.8,12000.0,20.018161,-155.78843,8,186,0.28500000000000003,2,1.0,9,2,3,perhour,2.0,2,0.0,0.0,[],[],5395449,0.30000000000000004,-4.6,
108,1669921769.492,a02b45,adsb_icao,N11QN   ,N11QN,EC30,3025,3300.0,90.1,3.18,640.0,1200,none,A7,1016.8,12000.0,20.030731,-155.788144,8,186,0.03,2,1.0,9,2,3,perhour,2.0,2,0.0,0.0,[],[],5395632,0.0,-3.9,
109,1669921799.492,a02b45,adsb_icao,N11QN   ,N11QN,EC30,3350,3650.0,89.4,5.14,576.0,1200,none,A7,1016.8,12000.0,20.043299,-155.787132,8,186,0.001,2,1.0,9,2,3,perhour,2.0,2,0.0,0.0,[],[],5395808,0.0,-6.5,
110,1669921829.492,a02b45,adsb_icao,N11QN   ,N11QN,EC30,3825,4150.0,73.4,6.25,896.0,1200,none,A7,1016.8,12000.0,20.05394,-155.786378,8,186,0.522,2,1.0,9,2,3,perhour,2.0,2,0.0,0.0,[],[],5395966,0.5,-6.7,
111,1669921859.492,a02b45,adsb_icao,N11QN   ,N11QN,EC30,4200,4525.0,77.4,14.22,768.0,1200,none,A7,1016.8,12000.0,20.06448,-155.784784,8,186,0.539,2,1.0,9,2,3,perhour,2.0,2,0.0,0.0,[],[],5396139,0.5,-11.2,
112,1669921889.492,a02b45,adsb_icao,N11QN   ,N11QN,EC30,4550,4900.0,76.6,33.27,704.0,1200,none,A7,1016.8,12000.0,20.072953,-155.78004,8,186,4.032,2,1.0,9,2,3,perhour,2.0,2,0.0,0.0,[],[],5396239,0.5,-17.0,
113,1669921919.492,a02b45,adsb_icao,N11QN   ,N11QN,EC30,4775,5125.0,82.9,33.69,384.0,1200,none,A7,1016.8,12000.0,20.079987,-155.775196,8,186,10.396,2,1.0,9,2,3,perhour,2.0,2,0.0,0.0,[],[],5396323,0.30000000000000004,-21.0,
114,1669921949.492,a02b45,adsb_icao,N11QN   ,N11QN,EC30,5025,5400.0,96.3,32.7,64.0,1200,none,A7,1016.8,12000.0,20.093808,-155.765459,8,186,0.083,2,1.0,9,2,3,perhour,2.0,2,0.0,0.0,[],[],5396417,0.1,-10.3,
115,1669921979.492,a02b45,adsb_icao,N11QN   ,N11QN,EC30,4975,5325.0,109.0,35.29,-256.0,1200,none,A7,1016.8,12000.0,20.106144,-155.757818,8,186,0.054,2,1.0,9,2,3,perhour,2.0,2,0.0,0.0,[],[],5396538,0.0,-16.8,
116,1669922009.492,a02b45,adsb_icao,N11QN   ,N11QN,EC30,4625,4950.0,116.2,37.66,-832.0,1200,none,A7,1016.8,12000.0,20.117736,-155.748629,8,186,2.412,2,1.0,9,2,3,perhour,2.0,2,0.0,0.0,[],[],5396612,0.9,-19.3,
117,1669922039.492,a02b45,adsb_icao,N11QN   ,N11QN,EC30,4275,4600.0,105.3,22.91,-1280.0,1200,none,A7,1016.8,12000.0,20.127136,-155.74101,8,186,10.034,2,1.0,9,2,3,perhour,1.0,2,0.0,0.0,[],[],5396664,0.7000000000000001,-21.3,
118,1669922069.492,a02b45,adsb_icao,N11QN   ,N11QN,EC30,3875,4200.0,76.8,161.8,-640.0,1200,none,A7,1016.8,12000.0,20.127136,-155.74101,8,186,40.034,2,1.0,9,2,3,perhour,1.0,2,0.0,0.0,[],[],5396727,1.0,-22.6,
119,1669922309.492,a02b45,adsb_icao,N11QN   ,N11QN,EC30,1025,1225.0,87.5,30.96,-64.0,1200,none,A7,1016.8,12000.0,20.193616,-155.715621,8,186,0.05,2,1.0,9,2,3,perhour,1.0,2,0.0,0.0,[],[],5396796,0.1,-10.9,
120,1669922339.492,a02b45,adsb_icao,N11QN   ,N11QN,EC30,1100,1275.0,87.7,25.69,128.0,1200,none,A7,1016.8,12000.0,20.204416,-155.708879,8,186,0.625,2,1.0,9,2,3,perhour,1.0,2,0.0,0.0,[],[],5396983,0.30000000000000004,-4.5,
121,1669922369.492,a02b45,adsb_icao,N11QN   ,N11QN,EC30,1125,1325.0,78.0,229.16,-320.0,1200,none,A7,1016.8,12000.0,20.209991,-155.713594,8,186,0.101,2,1.0,9,2,3,perhour,1.0,2,0.0,0.0,[],[],5397185,0.1,-6.5,
122,1669922399.492,a02b45,adsb_icao,N11QN   ,N11QN,EC30,975,1175.0,98.0,130.03,-384.0,1200,none,A7,1016.8,12000.0,20.199326,-155.712662,8,186,0.048,2,1.0,9,2,3,perhour,1.0,2,0.0,0.0,[],[],5397383,0.0,-10.8,
123,1669922429.492,a02b45,adsb_icao,N11QN   ,N11QN,EC30,975,1175.0,104.3,119.27,128.0,1200,none,A7,1016.8,12000.0,20.193662,-155.698991,8,186,0.18,2,1.0,9,2,3,perhour,1.0,2,0.0,0.0,[],[],5397612,0.2,-8.7,
124,1669922459.492,a02b45,adsb_icao,N11QN   ,N11QN,EC30,1000,1200.0,106.4,111.5,0.0,1200,none,A7,1016.8,12000.0,20.186354,-155.685358,8,186,0.088,2,1.0,9,2,3,perhour,1.0,2,0.0,0.0,[],[],5397829,0.1,-9.9,
125,1669922489.492,a02b45,adsb_icao,N11QN   ,N11QN,EC30,1000,1200.0,106.0,111.0,128.0,1200,none,A7,1016.8,12000.0,20.182257,-155.670427,8,186,0.6970000000000001,2,1.0,9,2,3,perhour,1.0,2,0.0,0.0,[],[],5398041,0.2,-4.0,
126,1669922519.492,a02b45,adsb_icao,N11QN   ,N11QN,EC30,1025,1250.0,89.2,107.62,-128.0,1200,none,A7,1016.8,12000.0,20.177043,-155.656494,8,186,0.457,2,1.0,9,2,3,perhour,1.0,2,0.0,0.0,[],[],5398241,0.5,-2.7,
127,1669922549.492,a02b45,adsb_icao,N11QN   ,N11QN,EC30,1150,1350.0,77.1,315.53,64.0,1200,none,A7,1016.8,12000.0,20.174332,-155.657926,8,186,0.23500000000000001,2,1.0,9,2,3,perhour,1.0,2,0.0,0.0,[],[],5398411,0.2,-3.9,
128,1669922579.493,a02b45,adsb_icao,N11QN   ,N11QN,EC30,1150,1375.0,86.3,136.88,-576.0,1200,none,A7,1016.8,12000.0,20.173133,-155.661138,8,186,0.315,2,1.0,9,2,3,perhour,1.0,2,0.0,0.0,[],[],5398599,0.1,-12.8,
129,1669922609.492,a02b45,adsb_icao,N11QN   ,N11QN,EC30,1025,1225.0,110.1,124.27,-320.0,1200,none,A7,1016.8,12000.0,20.166197,-155.647955,8,186,0.116,2,1.0,9,2,3,perhour,1.0,2,0.0,0.0,[],[],5398779,0.1,-13.8,
130,1669922639.492,a02b45,adsb_icao,N11QN   ,N11QN,EC30,1025,1225.0,112.6,125.24,64.0,1200,none,A7,1016.8,12000.0,20.157398,-155.634472,8,186,0.309,2,1.0,9,2,3,perhour,1.0,2,0.0,0.0,[],[],5398943,0.30000000000000004,-13.0,
131,1669922669.492,a02b45,adsb_icao,N11QN   ,N11QN,EC30,1050,1250.0,112.3,117.02,256.0,1200,none,A7,1016.8,12000.0,20.148926,-155.619965,8,186,0.312,2,1.0,9,2,3,perhour,1.0,2,0.0,0.0,[],[],5399115,0.30000000000000004,-6.9,
132,1669922699.492,a02b45,adsb_icao,N11QN   ,N11QN,EC30,1100,1300.0,112.6,102.31,192.0,1200,none,A7,1016.8,12000.0,20.143526,-155.604609,8,186,0.332,2,1.0,9,2,3,perhour,1.0,2,0.0,0.0,[],[],5399277,0.30000000000000004,-6.5,
133,1669922729.492,a02b45,adsb_icao,N11QN   ,N11QN,EC30,1175,1400.0,96.1,108.81,448.0,1200,none,A7,1016.8,12000.0,20.140127,-155.588379,8,186,0.278,2,1.0,9,2,3,perhour,1.0,2,0.0,0.0,[],[],5399437,0.30000000000000004,-2.1,
134,1669922759.492,a02b45,adsb_icao,N11QN   ,N11QN,EC30,1375,1600.0,90.6,259.19,256.0,1200,none,A7,1016.8,12000.0,20.132679,-155.589827,8,186,0.098,2,1.0,9,2,3,perhour,1.0,2,0.0,0.0,[],[],5399590,0.1,-4.9,
135,1669922789.492,a02b45,adsb_icao,N11QN   ,N11QN,EC30,1250,1450.0,113.2,308.19,-448.0,1200,none,A7,1016.8,12000.0,20.138718,-155.603976,8,186,0.067,2,1.0,9,2,3,perhour,1.0,2,0.0,0.0,[],[],5399735,0.1,-10.1,
136,1669922819.492,a02b45,adsb_icao,N11QN   ,N11QN,EC30,1125,1350.0,106.8,292.0,-576.0,1200,none,A7,1016.8,12000.0,20.146784,-155.618242,8,186,0.026000000000000002,2,1.0,9,2,3,perhour,1.0,2,0.0,0.0,[],[],5399912,0.0,-8.3,
137,1669922849.492,a02b45,adsb_icao,N11QN   ,N11QN,EC30,925,1125.0,108.6,229.86,-384.0,1200,none,A7,1016.8,12000.0,20.144969,-155.631575,8,186,3.472,2,1.0,9,2,3,perhour,1.0,2,0.0,0.0,[],[],5400024,3.0,-20.2,
138,1669922879.492,a02b45,adsb_icao,N11QN   ,N11QN,EC30,925,1125.0,108.6,229.86,-384.0,1200,none,A7,1016.8,12000.0,20.144969,-155.631575,8,186,33.472,2,1.0,9,2,3,perhour,1.0,2,0.0,0.0,[],[],5400024,33.0,-20.2,
139,1669923179.492,a02b45,adsb_icao,,N11QN,EC30,3325,3625.0,91.7,117.96,0.0,,,A7,1016.8,12000.0,20.083694,-155.652041,8,186,2.132,2,1.0,9,2,3,perhour,1.0,2,0.0,0.0,[],[],5400032,2.1,-26.1,
140,1669923209.492,a02b45,adsb_icao,,N11QN,EC30,3325,3625.0,91.7,117.96,0.0,,,A7,1016.8,12000.0,20.083694,-155.652041,8,186,32.132,2,1.0,9,2,3,perhour,1.0,2,0.0,0.0,[],[],5400032,32.1,-26.1,
141,1669923329.492,a02b45,adsb_icao,,N11QN,EC30,3900,4250.0,72.1,236.31,1472.0,1200,none,A7,1016.8,12000.0,20.058987,-155.656444,8,186,0.149,2,1.0,9,2,3,perhour,1.0,2,0.0,0.0,[],[],5400056,0.1,-17.7,
142,1669923359.492,a02b45,adsb_icao,N11QN   ,N11QN,EC30,4450,4825.0,75.1,260.04,1024.0,1200,none,A7,1016.8,12000.0,20.052887,-155.664793,8,186,0.7010000000000001,2,1.0,9,2,3,perhour,1.0,2,0.0,0.0,[],[],5400245,0.30000000000000004,-17.0,
143,1669923389.492,a02b45,adsb_icao,N11QN   ,N11QN,EC30,4700,5050.0,91.8,277.51,320.0,1200,none,A7,1016.8,12000.0,20.053447,-155.677368,8,186,0.171,2,1.0,9,2,3,perhour,1.0,2,0.0,0.0,[],[],5400387,0.2,-18.3,
144,1669923419.492,a02b45,adsb_icao,N11QN   ,N11QN,EC30,4775,5125.0,104.4,265.05,-192.0,1200,none,A7,1016.8,12000.0,20.052841,-155.692111,8,186,0.46,2,1.0,9,2,3,perhour,1.0,2,0.0,0.0,[],[],5400529,0.5,-17.9,
145,1669923449.492,a02b45,adsb_icao,N11QN   ,N11QN,EC30,4575,4925.0,111.2,266.91,-640.0,1200,none,A7,1016.8,12000.0,20.051422,-155.7081,8,186,0.425,2,1.0,9,2,3,perhour,1.0,2,0.0,0.0,[],[],5400672,0.4,-17.1,
146,1669923479.492,a02b45,adsb_icao,N11QN   ,N11QN,EC30,4250,4575.0,109.2,266.33,-832.0,1200,none,A7,1016.8,12000.0,20.050933,-155.72396,8,186,1.653,2,1.0,9,2,3,perhour,1.0,2,0.0,0.0,[],[],5400771,1.1,-21.8,
147,1669923509.492,a02b45,adsb_icao,N11QN   ,N11QN,EC30,3825,4150.0,103.0,258.8,-576.0,1200,none,A7,1016.8,12000.0,20.048187,-155.739291,8,186,1.339,2,1.0,9,2,3,perhour,1.0,2,0.0,0.0,[],[],5400830,1.3,-19.2,
148,1669923539.492,a02b45,adsb_icao,N11QN   ,N11QN,EC30,3350,3650.0,107.0,246.31,-1152.0,1200,none,A7,1016.8,12000.0,20.043718,-155.751776,8,186,6.341,2,1.0,9,2,3,perhour,1.0,2,0.0,0.0,[],[],5400860,6.3,-22.0,
149,1669923569.492,a02b45,adsb_icao,N11QN   ,N11QN,EC30,3000,3275.0,113.4,239.82,-448.0,1200,none,A7,1016.8,12000.0,20.036176,-155.769853,8,186,0.318,2,1.0,9,2,3,perhour,1.0,2,0.0,0.0,[],[],5400949,0.30000000000000004,-19.2,
150,1669923599.492,a02b45,adsb_icao,N11QN   ,N11QN,EC30,2875,3150.0,113.3,200.67,-192.0,1200,none,A7,1016.8,12000.0,20.024094,-155.780493,8,186,0.137,2,1.0,9,2,3,perhour,1.0,2,0.0,0.0,[],[],5401061,0.1,-13.4,
151,1669923629.492,a02b45,adsb_icao,N11QN   ,N11QN,EC30,2925,3200.0,107.7,192.88,128.0,1200,none,A7,1016.8,12000.0,20.009409,-155.783836,8,186,0.635,2,1.0,9,2,3,perhour,1.0,2,0.0,0.0,[],[],5401239,0.2,-12.4,
152,1669923659.495,a02b45,adsb_icao,N11QN   ,N11QN,EC30,2775,3025.0,118.2,203.96,-448.0,1200,none,A7,1016.8,12000.0,19.994385,-155.790057,8,186,0.296,2,1.0,9,2,3,perhour,1.0,2,0.0,0.0,[],[],5401389,0.30000000000000004,-2.0,
153,1669923689.492,a02b45,adsb_icao,N11QN   ,N11QN,EC30,2525,2775.0,116.3,206.57,-576.0,1200,none,A7,1016.8,12000.0,19.979233,-155.797806,8,186,0.039,2,1.0,9,2,3,perhour,1.0,2,0.0,0.0,[],[],5401491,0.0,-1.5,
154,1669923719.492,a02b45,adsb_icao,N11QN   ,N11QN,EC30,2200,2425.0,118.2,212.21,-896.0,1200,none,A7,1016.8,12000.0,19.965042,-155.805849,8,186,0.16,2,1.0,9,2,3,perhour,1.0,2,0.0,0.0,[],[],5401543,0.2,-1.7000000000000002,
155,1669923749.492,a02b45,adsb_icao,N11QN   ,N11QN,EC30,2025,2250.0,118.1,208.3,-256.0,1200,none,A7,1016.8,12000.0,19.952225,-155.814187,8,186,2.7880000000000003,2,1.0,9,2,3,perhour,1.0,2,0.0,0.0,[],[],5401610,0.2,-1.6,
156,1669923779.492,a02b45,adsb_icao,N11QN   ,N11QN,EC30,1800,2000.0,115.4,205.68,-192.0,1200,none,A7,1016.8,12000.0,19.942657,-155.819386,8,186,12.742,2,1.0,9,2,3,perhour,1.0,2,0.0,0.0,[],[],5401627,0.7000000000000001,-1.5,
157,1669923809.492,a02b45,adsb_icao,N11QN   ,N11QN,EC30,1425,1625.0,107.5,223.49,-832.0,1200,none,A7,1016.8,12000.0,19.92338,-155.831327,8,186,0.171,2,1.0,9,2,3,perhour,1.0,2,0.0,0.0,[],[],5401732,0.2,-1.5,
158,1669923839.492,a02b45,adsb_icao,N11QN   ,N11QN,EC30,1000,1175.0,96.9,222.91,-1216.0,1200,none,A7,1016.8,12000.0,19.913956,-155.842536,8,186,0.246,2,1.0,9,2,3,perhour,1.0,2,0.0,0.0,[],[],5401922,0.2,-2.3,
159,1669923869.492,a02b45,adsb_icao,N11QN   ,N11QN,EC30,725,900.0,92.4,260.03,-128.0,1200,none,A7,1016.8,12000.0,19.907785,-155.854448,8,186,0.0,2,1.0,9,2,3,perhour,1.0,2,0.0,0.0,[],[],5402100,0.0,-3.6,
160,1669923899.494,a02b45,adsb_icao,N11QN   ,N11QN,EC30,425,600.0,71.9,325.2,-512.0,1200,none,A7,1016.8,12000.0,19.910252,-155.865534,8,186,0.4,2,1.0,9,2,3,perhour,1.0,2,0.0,0.0,[],[],5402290,0.4,-7.3,
161,1669923929.492,a02b45,adsb_icao,N11QN   ,N11QN,EC30,150,325.0,47.8,52.65,-384.0,1200,none,A7,1016.8,12000.0,19.918167,-155.86441,8,186,0.122,2,1.0,9,2,3,perhour,1.0,2,0.0,0.0,[],[],5402488,0.1,-8.3,
162,1669923959.492,a02b45,adsb_icao,N11QN   ,N11QN,EC30,ground,225.0,6.8,48.81,0.0,1200,none,A7,1016.8,12000.0,19.920087,-155.861427,8,186,0.589,2,1.0,9,2,3,perhour,1.0,2,0.0,0.0,[],[],5402660,0.1,-14.1,56.25
163,1669923989.492,a02b45,adsb_icao,N11QN   ,N11QN,EC30,ground,175.0,0.30000000000000004,38.66,0.0,1200,none,A7,1016.8,12000.0,19.920525,-155.860928,8,186,0.881,2,1.0,9,2,3,perhour,1.0,2,0.0,0.0,[],[],5402716,0.9,-22.0,120.94
164,1669924019.492,a02b45,adsb_icao,N11QN   ,N11QN,EC30,ground,175.0,0.0,38.66,0.0,1200,none,A7,1016.8,12000.0,19.920525,-155.860916,8,186,3.469,2,1.0,9,2,3,perhour,,2,0.0,0.0,[],[],5402744,0.4,-24.9,118.12
165,1669924049.492,a02b45,adsb_icao,N11QN   ,N11QN,EC30,ground,,0.0,,,1200,none,A7,,,19.920525,-155.860916,8,186,8.298,2,,9,2,3,perhour,,2,,,[],[],5402759,5.2,-25.2,118.12
166,1669924079.492,a02b45,adsb_icao,N11QN   ,N11QN,EC30,ground,,0.0,,,1200,none,A7,,,19.920517,-155.860915,8,186,13.606,2,,9,2,3,perhour,,2,,,[],[],5402769,0.7000000000000001,-26.0,120.94
167,1669924109.492,a02b45,adsb_icao,N11QN   ,N11QN,EC30,ground,,0.0,,,1200,none,A7,,,19.920525,-155.860916,8,186,4.011,2,,9,2,3,perhour,,2,,,[],[],5402783,0.2,-25.7,120.94
168,1669924139.492,a02b45,adsb_icao,N11QN   ,N11QN,EC30,ground,,0.0,,,1200,none,A7,,,19.920525,-155.860916,8,186,18.397,2,,9,2,3,perhour,,2,,,[],[],5402788,17.9,-26.2,120.94
169,1669924169.492,a02b45,adsb_icao,N11QN   ,N11QN,EC30,ground,,0.0,,,1200,none,A7,,,19.920525,-155.860916,8,186,48.397,2,,9,2,3,perhour,,2,,,[],[],5402788,47.9,-26.2,120.94
170,1669925009.492,a02b45,adsb_icao,N11QN   ,N11QN,EC30,ground,,,,,1200,none,A7,,,19.920536,-155.860928,8,186,1.089,2,,9,2,3,perhour,,2,,,[],[],5402838,0.6000000000000001,-26.2,120.94
171,1669925039.492,a02b45,adsb_icao,N11QN   ,N11QN,EC30,ground,,0.0,,,1200,none,A7,,,19.920536,-155.860916,8,186,9.41,2,,9,2,3,perhour,,2,,,[],[],5402872,1.3,-25.2,118.12
172,1669925069.492,a02b45,adsb_icao,N11QN   ,N11QN,EC30,ground,,0.0,,,1200,none,A7,,,19.920541,-155.860927,8,186,9.255,2,,9,2,3,perhour,,2,,,[],[],5402886,0.9,-25.5,118.12
173,1669925099.492,a02b45,adsb_icao,N11QN   ,N11QN,EC30,ground,,0.0,,,1200,none,A7,,,19.920541,-155.860927,8,186,4.201,2,,9,2,3,perhour,,2,,,[],[],5402902,0.9,-25.1,118.12
174,1669925129.492,a02b45,adsb_icao,N11QN   ,N11QN,EC30,ground,,0.0,,,1200,none,A7,,,19.920529,-155.860927,8,186,9.257,2,,9,2,3,perhour,,2,,,[],[],5402915,1.1,-25.6,118.12
175,1669925159.492,a02b45,adsb_icao,N11QN   ,N11QN,EC30,ground,,0.0,,,1200,none,A7,,,19.920529,-155.860915,8,186,9.487,2,,9,2,3,perhour,,2,,,[],[],5402925,9.5,-24.9,118.12
176,1669925189.492,a02b45,adsb_icao,N11QN   ,N11QN,EC30,ground,,0.0,,,1200,none,A7,,,19.920517,-155.860915,8,186,14.678,2,,9,2,3,perhour,,2,,,[],[],5402938,1.3,-25.7,120.94
177,1669925219.492,a02b45,adsb_icao,N11QN   ,N11QN,EC30,ground,,0.0,,,1200,none,A7,,,19.920517,-155.860915,8,186,4.331,2,,9,2,3,perhour,,2,,,[],[],5402949,4.3,-25.9,118.12
178,1669925249.492,a02b45,adsb_icao,N11QN   ,N11QN,EC30,ground,,0.0,,,1200,none,A7,,,19.920525,-155.860916,8,186,4.789,2,,9,2,3,perhour,,2,,,[],[],5402955,4.8,-26.7,118.12
179,1669925279.492,a02b45,adsb_icao,N11QN   ,N11QN,EC30,ground,,0.0,,,1200,none,A7,,,19.920517,-155.860915,8,186,0.058,2,,9,2,3,perhour,,2,,,[],[],5402968,0.1,-25.6,120.94
180,1669925309.492,a02b45,adsb_icao,N11QN   ,N11QN,EC30,ground,,0.0,,,1200,none,A7,,,19.920525,-155.860916,8,186,5.698,2,,9,2,3,perhour,,2,,,[],[],5402977,2.2,-24.5,120.94
181,1669925339.492,a02b45,adsb_icao,N11QN   ,N11QN,EC30,ground,,0.0,,,1200,none,A7,,,19.920525,-155.860916,8,186,5.558,2,,9,2,3,perhour,,2,,,[],[],5402990,2.7,-25.6,120.94
182,1669925369.492,a02b45,adsb_icao,N11QN   ,N11QN,EC30,ground,200.0,6.8,236.31,320.0,1200,none,A7,,,19.920204,-155.861137,8,186,0.274,2,,9,2,3,perhour,,2,0.0,0.0,[],[],5403026,0.30000000000000004,-20.5,250.31
183,1669925399.492,a02b45,adsb_icao,N11QN   ,N11QN,EC30,250,425.0,67.4,220.79,960.0,1200,none,A7,1016.8,12000.0,19.916863,-155.865884,8,186,0.514,2,1.0,9,2,3,perhour,2.0,2,0.0,0.0,[],[],5403173,0.5,-12.7,241.88
184,1669925429.492,a02b45,adsb_icao,N11QN   ,N11QN,EC30,825,1025.0,80.0,137.53,1088.0,1200,none,A7,1016.8,12000.0,19.907646,-155.862688,8,186,0.016,2,1.0,9,2,3,perhour,2.0,2,0.0,0.0,[],[],5403359,0.0,-2.7,241.88
185,1669925459.492,a02b45,adsb_icao,N11QN   ,N11QN,EC30,1400,1625.0,86.4,127.0,1088.0,1200,none,A7,1016.8,12000.0,19.90029,-155.85285,8,186,0.178,2,1.0,9,2,3,perhour,2.0,2,0.0,0.0,[],[],5403545,0.2,-2.6,
186,1669925489.492,a02b45,adsb_icao,N11QN   ,N11QN,EC30,1875,2100.0,88.2,125.31,896.0,1200,none,A7,1016.8,12000.0,19.893168,-155.842413,8,186,0.037,2,1.0,9,2,3,perhour,2.0,2,0.0,0.0,[],[],5403737,0.0,-2.9,
187,1669925519.492,a02b45,adsb_icao,N11QN   ,N11QN,EC30,2325,2575.0,89.6,123.16,832.0,1200,none,A7,1016.8,12000.0,19.886215,-155.831451,8,186,0.0,2,1.0,9,2,3,perhour,2.0,2,0.0,0.0,[],[],5403931,0.0,-2.5,
188,1669925549.492,a02b45,adsb_icao,N11QN   ,N11QN,EC30,2775,3050.0,89.3,124.05,832.0,1200,none,A7,1016.8,12000.0,19.879249,-155.82034,8,186,0.0,2,1.0,9,2,3,perhour,2.0,2,0.0,0.0,[],[],5404130,0.0,-2.8,
189,1669925579.492,a02b45,adsb_icao,N11QN   ,N11QN,EC30,3250,3550.0,93.0,126.25,640.0,1200,none,A7,1016.8,12000.0,19.871841,-155.809283,8,186,0.025,2,1.0,9,2,3,perhour,2.0,2,0.0,0.0,[],[],5404325,0.0,-2.6,
190,1669925609.492,a02b45,adsb_icao,N11QN   ,N11QN,EC30,3650,3975.0,87.0,127.53,960.0,1200,none,A7,1016.8,12000.0,19.864288,-155.798394,8,186,0.322,2,1.0,9,2,3,perhour,2.0,2,0.0,0.0,[],[],5404518,0.30000000000000004,-2.2,
191,1669925639.492,a02b45,adsb_icao,N11QN   ,N11QN,EC30,4050,4375.0,89.0,128.16,576.0,1200,none,A7,1016.8,12000.0,19.857056,-155.788928,8,186,0.17200000000000001,2,1.0,9,2,3,perhour,2.0,2,0.0,0.0,[],[],5404707,0.2,-2.1,
192,1669925669.492,a02b45,adsb_icao,N11QN   ,N11QN,EC30,4375,4725.0,92.2,130.6,512.0,1200,none,A7,1016.8,12000.0,19.848804,-155.778592,8,186,0.35100000000000003,2,1.0,9,2,3,perhour,2.0,2,0.0,0.0,[],[],5404895,0.4,-3.4,
193,1669925699.492,a02b45,adsb_icao,N11QN   ,N11QN,EC30,4625,4975.0,101.2,122.91,384.0,1200,none,A7,1016.8,12000.0,19.840843,-155.766757,8,186,0.209,2,1.0,9,2,3,perhour,2.0,2,0.0,0.0,[],[],5405091,0.2,-3.2,
194,1669925729.492,a02b45,adsb_icao,N11QN   ,N11QN,EC30,4825,5175.0,101.8,112.53,448.0,1200,none,A7,1016.8,12000.0,19.833984,-155.753517,8,186,0.07200000000000001,2,1.0,9,2,3,perhour,2.0,2,0.0,0.0,[],[],5405288,0.1,-2.5,
195,1669925759.492,a02b45,adsb_icao,N11QN   ,N11QN,EC30,4850,5200.0,110.6,127.28,0.0,1200,none,A7,1016.8,12000.0,19.82576,-155.74049,8,186,0.311,2,1.0,9,2,3,perhour,2.0,2,0.0,0.0,[],[],5405488,0.30000000000000004,-4.1,
196,1669925789.492,a02b45,adsb_icao,N11QN   ,N11QN,EC30,4975,5350.0,105.4,123.39,512.0,1200,none,A7,1016.8,12000.0,19.816915,-155.727056,8,186,0.545,2,1.0,9,2,3,perhour,2.0,2,0.0,0.0,[],[],5405684,0.5,-3.9,
197,1669925819.492,a02b45,adsb_icao,N11QN   ,N11QN,EC30,5375,5775.0,85.8,121.65,960.0,1200,none,A7,1016.8,12000.0,19.809586,-155.714771,8,186,0.23700000000000002,2,1.0,9,2,3,perhour,2.0,2,0.0,0.0,[],[],5405886,0.2,-3.8,
198,1669925849.492,a02b45,adsb_icao,N11QN   ,N11QN,EC30,5875,6300.0,75.5,96.84,832.0,1200,none,A7,1016.8,12000.0,19.80574,-155.703932,8,186,0.256,2,1.0,9,2,3,perhour,2.0,2,0.0,0.0,[],[],5406082,0.30000000000000004,-4.0,
199,1669925879.492,a02b45,adsb_icao,N11QN   ,N11QN,EC30,6300,6750.0,71.0,80.27,1024.0,1200,none,A7,1016.8,12000.0,19.806747,-155.693043,8,186,0.47300000000000003,2,1.0,9,2,3,perhour,2.0,2,0.0,0.0,[],[],5406280,0.2,-2.8,
200,1669925909.492,a02b45,adsb_icao,N11QN   ,N11QN,EC30,6675,7125.0,82.3,106.23,576.0,1200,none,A7,1016.8,12000.0,19.805882,-155.682312,8,186,0.352,2,1.0,9,2,3,perhour,2.0,2,0.0,0.0,[],[],5406474,0.4,-7.6,
201,1669925939.492,a02b45,adsb_icao,N11QN   ,N11QN,EC30,7050,7525.0,80.4,111.14,1024.0,1200,none,A7,1016.8,12000.0,19.801987,-155.67058,8,186,0.029,2,1.0,9,2,3,perhour,2.0,2,0.0,0.0,[],[],5406674,0.0,-4.7,
202,1669925969.492,a02b45,adsb_icao,N11QN   ,N11QN,EC30,7450,7950.0,79.7,151.5,512.0,1200,none,A7,1016.8,12000.0,19.794662,-155.663223,8,186,0.592,2,1.0,9,2,3,perhour,2.0,2,0.0,0.0,[],[],5406867,0.6000000000000001,-6.1,
203,1669925999.492,a02b45,adsb_icao,N11QN   ,N11QN,EC30,7675,8175.0,93.5,145.46,256.0,1200,none,A7,1016.8,12000.0,19.784271,-155.656798,8,186,0.298,2,1.0,9,2,3,perhour,2.0,2,0.0,0.0,[],[],5407068,0.30000000000000004,-3.5,
204,1669926029.492,a02b45,adsb_icao,N11QN   ,N11QN,EC30,7850,8375.0,95.4,146.98,320.0,1200,none,A7,1016.8,12000.0,19.773697,-155.649147,8,186,0.629,2,1.0,9,2,3,perhour,2.0,2,0.0,0.0,[],[],5407242,0.30000000000000004,-3.8,
205,1669926059.492,a02b45,adsb_icao,N11QN   ,N11QN,EC30,8000,8525.0,100.4,144.73,320.0,1200,none,A7,1016.8,12000.0,19.761795,-155.641054,8,186,0.504,2,1.0,9,2,3,perhour,2.0,2,0.0,0.0,[],[],5407424,0.5,-3.4,
206,1669926089.492,a02b45,adsb_icao,N11QN   ,N11QN,EC30,8150,8675.0,101.0,144.26,192.0,1200,none,A7,1016.8,12000.0,19.750626,-155.632324,8,186,0.113,2,1.0,9,2,3,perhour,2.0,2,0.0,0.0,[],[],5407623,0.1,-3.0,
207,1669926119.492,a02b45,adsb_icao,N11QN   ,N11QN,EC30,8325,8875.0,100.7,145.52,384.0,1200,none,A7,1016.8,12000.0,19.739266,-155.624035,8,186,0.49,2,1.0,9,2,3,perhour,2.0,2,0.0,0.0,[],[],5407821,0.5,-4.7,
208,1669926149.492,a02b45,adsb_icao,N11QN   ,N11QN,EC30,8500,9050.0,99.0,144.87,320.0,1200,none,A7,1016.8,12000.0,19.727628,-155.615845,8,186,0.31,2,1.0,9,2,3,perhour,2.0,2,0.0,0.0,[],[],5408022,0.30000000000000004,-6.4,
209,1669926179.492,a02b45,adsb_icao,N11QN   ,N11QN,EC30,8650,9200.0,100.9,140.63,320.0,1200,none,A7,1016.8,12000.0,19.716549,-155.607006,8,186,0.17500000000000002,2,1.0,9,2,3,perhour,2.0,2,0.0,0.0,[],[],5408220,0.2,-7.0,
210,1669926209.492,a02b45,adsb_icao,N11QN   ,N11QN,EC30,8750,9300.0,105.0,143.13,128.0,1200,none,A7,1016.8,12000.0,19.705236,-155.598017,8,186,0.431,2,1.0,9,2,3,perhour,1.0,2,0.0,0.0,[],[],5408421,0.1,-7.7,
211,1669926239.492,a02b45,adsb_icao,N11QN   ,N11QN,EC30,8900,9475.0,96.0,141.34,576.0,1200,none,A7,1016.8,12000.0,19.693738,-155.588828,8,186,0.227,2,1.0,9,2,3,perhour,1.0,2,0.0,0.0,[],[],5408617,0.2,-13.6,
212,1669926269.492,a02b45,adsb_icao,N11QN   ,N11QN,EC30,9075,9675.0,97.4,146.31,384.0,1200,none,A7,1016.8,12000.0,19.683014,-155.58009,8,186,0.189,2,1.0,9,2,3,perhour,1.0,2,0.0,0.0,[],[],5408808,0.2,-15.0,
213,1669926299.492,a02b45,adsb_icao,N11QN   ,N11QN,EC30,9175,9775.0,102.6,142.13,192.0,1200,none,A7,1016.8,12000.0,19.671579,-155.5716,8,186,0.212,2,1.0,9,2,3,perhour,1.0,2,0.0,0.0,[],[],5409004,0.2,-11.1,
214,1669926329.492,a02b45,adsb_icao,N11QN   ,N11QN,EC30,9275,9875.0,102.2,139.76,192.0,1200,none,A7,1016.8,12000.0,19.660639,-155.561912,8,186,0.188,2,1.0,9,2,3,perhour,1.0,2,0.0,0.0,[],[],5409205,0.2,-12.1,
215,1669926359.492,a02b45,adsb_icao,N11QN   ,N11QN,EC30,9400,10000.0,98.2,146.63,320.0,1200,none,A7,1016.8,12000.0,19.649606,-155.552973,8,186,0.133,2,1.0,9,2,3,perhour,1.0,2,0.0,0.0,[],[],5409436,0.1,-11.1,
216,1669926389.492,a02b45,adsb_icao,N11QN   ,N11QN,EC30,9550,10175.0,91.4,143.0,704.0,1200,none,A7,1016.8,12000.0,19.638382,-155.545071,8,186,0.422,2,1.0,9,2,3,perhour,1.0,2,0.0,0.0,[],[],5409666,0.1,-12.5,
217,1669926419.492,a02b45,adsb_icao,N11QN   ,N11QN,EC30,9800,10450.0,95.1,140.12,384.0,1200,none,A7,1016.8,12000.0,19.628518,-155.536493,8,186,0.063,2,1.0,9,2,3,perhour,1.0,2,0.0,0.0,[],[],5409895,0.1,-12.2,
218,1669926449.492,a02b45,adsb_icao,N11QN   ,N11QN,EC30,9975,10625.0,97.4,148.43,448.0,1200,none,A7,1016.8,12000.0,19.617783,-155.527464,8,186,0.25,2,1.0,9,2,3,perhour,1.0,2,0.0,0.0,[],[],5410126,0.2,-10.9,
219,1669926479.492,a02b45,adsb_icao,N11QN   ,N11QN,EC30,10175,10850.0,94.4,170.24,448.0,1200,none,A7,1016.8,12000.0,19.605568,-155.522211,8,186,0.222,2,1.0,9,2,3,perhour,1.0,2,0.0,0.0,[],[],5410358,0.0,-8.2,
220,1669926509.492,a02b45,adsb_icao,N11QN   ,N11QN,EC30,10350,11025.0,95.0,181.21,320.0,1200,none,A7,1016.8,12000.0,19.592331,-155.520744,8,186,0.34500000000000003,2,1.0,9,2,3,perhour,1.0,2,0.0,0.0,[],[],5410580,0.30000000000000004,-9.6,
221,1669926539.492,a02b45,adsb_icao,N11QN   ,N11QN,EC30,10525,11225.0,86.4,196.13,576.0,1200,none,A7,1016.8,12000.0,19.579651,-155.522804,8,186,0.031,2,1.0,9,2,3,perhour,1.0,2,0.0,0.0,[],[],5410816,0.0,-10.6,
222,1669926569.492,a02b45,adsb_icao,N11QN   ,N11QN,EC30,10775,11475.0,80.5,208.16,320.0,1200,none,A7,1016.8,12000.0,19.568792,-155.526756,8,186,0.10200000000000001,2,1.0,9,2,3,perhour,1.0,2,0.0,0.0,[],[],5411045,0.1,-10.1,
223,1669926599.492,a02b45,adsb_icao,N11QN   ,N11QN,EC30,10900,11600.0,83.5,224.03,256.0,1200,none,A7,1016.8,12000.0,19.55983,-155.533791,8,186,0.388,2,1.0,9,2,3,perhour,2.0,2,0.0,0.0,[],[],5411272,0.2,-11.2,
224,1669926629.492,a02b45,adsb_icao,N11QN   ,N11QN,EC30,10825,11525.0,84.2,254.15,0.0,1200,none,A7,1016.8,12000.0,19.553988,-155.544983,8,186,0.342,2,1.0,9,2,3,perhour,2.0,2,0.0,0.0,[],[],5411484,0.1,-10.4,
225,1669926659.493,a02b45,adsb_icao,N11QN   ,N11QN,EC30,10725,11425.0,80.6,330.26,64.0,1200,none,A7,1016.8,12000.0,19.556409,-155.556019,8,186,0.002,2,1.0,9,2,3,perhour,2.0,2,0.0,0.0,[],[],5411718,0.0,-7.5,
226,1669926689.493,a02b45,adsb_icao,N11QN   ,N11QN,EC30,10750,11450.0,89.6,83.59,0.0,1200,none,A7,1016.8,12000.0,19.56427,-155.550319,8,186,0.327,2,1.0,9,2,3,perhour,2.0,2,0.0,0.0,[],[],5411948,0.30000000000000004,-6.5,
227,1669926719.492,a02b45,adsb_icao,N11QN   ,N11QN,EC30,10675,11375.0,95.6,83.4,-64.0,1200,none,A7,1016.8,12000.0,19.565068,-155.536543,8,186,0.299,2,1.0,9,2,3,perhour,2.0,2,0.0,0.0,[],[],5412175,0.1,-11.8,
228,1669926749.492,a02b45,adsb_icao,N11QN   ,N11QN,EC30,10500,11175.0,104.7,65.15,-320.0,1200,none,A7,1016.8,12000.0,19.567814,-155.522061,8,186,0.157,2,1.0,9,2,3,perhour,2.0,2,0.0,0.0,[],[],5412407,0.2,-15.7,
229,1669926779.498,a02b45,adsb_icao,N11QN   ,N11QN,EC30,10500,11175.0,68.2,284.44,192.0,1200,none,A7,1016.8,12000.0,19.576985,-155.519165,8,186,0.07200000000000001,2,1.0,9,2,3,perhour,2.0,2,0.0,0.0,[],[],5412640,0.1,-12.2,
230,1669926809.492,a02b45,adsb_icao,N11QN   ,N11QN,EC30,10575,11275.0,72.1,225.0,128.0,1200,none,A7,1016.8,12000.0,19.57196,-155.527807,8,186,0.023,2,1.0,9,2,3,perhour,2.0,2,0.0,0.0,[],[],5412878,0.0,-11.7,
231,1669926839.492,a02b45,adsb_icao,N11QN   ,N11QN,EC30,10600,11300.0,71.6,228.96,128.0,1200,none,A7,1016.8,12000.0,19.564649,-155.535095,8,186,0.631,2,1.0,9,2,3,perhour,2.0,2,0.0,0.0,[],[],5413107,0.30000000000000004,-13.4,
232,1669926869.492,a02b45,adsb_icao,N11QN   ,N11QN,EC30,10675,11375.0,74.3,224.45,256.0,1200,none,A7,1016.8,12000.0,19.557759,-155.543435,8,186,0.075,2,1.0,9,2,3,perhour,2.0,2,0.0,0.0,[],[],5413337,0.1,-14.5,
233,1669926899.492,a02b45,adsb_icao,N11QN   ,N11QN,EC30,10725,11425.0,75.4,284.59,64.0,1200,none,A7,1016.8,12000.0,19.55464,-155.553123,8,186,0.20500000000000002,2,1.0,9,2,3,perhour,2.0,2,0.0,0.0,[],[],5413568,0.2,-8.9,
234,1669926929.492,a02b45,adsb_icao,N11QN   ,N11QN,EC30,10650,11350.0,89.6,33.16,-256.0,1200,none,A7,1016.8,12000.0,19.5634,-155.557529,8,186,0.294,2,1.0,9,2,3,perhour,2.0,2,0.0,0.0,[],[],5413797,0.0,-6.0,
235,1669926959.492,a02b45,adsb_icao,N11QN   ,N11QN,EC30,10550,11225.0,105.0,70.53,-576.0,1200,none,A7,1016.8,12000.0,19.569583,-155.544733,8,186,0.157,2,1.0,9,2,3,perhour,2.0,2,0.0,0.0,[],[],5414027,0.2,-11.4,
236,1669926989.492,a02b45,adsb_icao,N11QN   ,N11QN,EC30,10250,10900.0,114.6,60.75,-704.0,1200,none,A7,1016.8,12000.0,19.574797,-155.529252,8,186,0.147,2,1.0,9,2,3,perhour,2.0,2,0.0,0.0,[],[],5414257,0.0,-10.7,
237,1669927019.492,a02b45,adsb_icao,N11QN   ,N11QN,EC30,10075,10725.0,96.6,15.62,-448.0,1200,none,A7,1016.8,12000.0,19.586295,-155.520563,8,186,0.309,2,1.0,9,2,3,perhour,2.0,2,0.0,0.0,[],[],5414486,0.30000000000000004,-6.0,
238,1669927049.492,a02b45,adsb_icao,N11QN   ,N11QN,EC30,9800,10450.0,94.2,3.65,-576.0,1200,none,A7,1016.8,12000.0,19.599656,-155.517767,8,186,0.17300000000000001,2,1.0,9,2,3,perhour,2.0,2,0.0,0.0,[],[],5414716,0.2,-12.0,
239,1669927079.492,a02b45,adsb_icao,N11QN   ,N11QN,EC30,9900,10550.0,76.4,194.4,64.0,1200,none,A7,1016.8,12000.0,19.601471,-155.523709,8,186,0.421,2,1.0,9,2,3,perhour,2.0,2,0.0,0.0,[],[],5414947,0.0,-9.7,
240,1669927109.492,a02b45,adsb_icao,N11QN   ,N11QN,EC30,9950,10600.0,91.2,167.33,-64.0,1200,none,A7,1016.8,12000.0,19.589694,-155.521262,8,186,0.386,2,1.0,9,2,3,perhour,2.0,2,0.0,0.0,[],[],5415175,0.1,-14.0,
241,1669927139.492,a02b45,adsb_icao,N11QN   ,N11QN,EC30,10075,10725.0,76.5,191.31,128.0,1200,none,A7,1016.8,12000.0,19.578102,-155.520513,8,186,0.193,2,1.0,9,2,3,perhour,2.0,2,0.0,0.0,[],[],5415415,0.1,-8.7,
242,1669927169.492,a02b45,adsb_icao,N11QN   ,N11QN,EC30,10100,10775.0,65.0,345.75,-704.0,1200,none,A7,1016.8,12000.0,19.575029999999998,-155.526007,8,186,0.224,2,1.0,9,2,3,perhour,2.0,2,0.0,0.0,[],[],5415638,0.0,-13.4,
243,1669927199.493,a02b45,adsb_icao,N11QN   ,N11QN,EC30,9900,10525.0,98.0,14.18,-128.0,1200,none,A7,1016.8,12000.0,19.586435,-155.522261,8,186,0.08,2,1.0,9,2,3,perhour,2.0,2,0.0,0.0,[],[],5415869,0.1,-9.1,
244,1669927229.493,a02b45,adsb_icao,N11QN   ,N11QN,EC30,9850,10475.0,91.1,358.11,64.0,1200,none,A7,1016.8,12000.0,19.599702,-155.520214,8,186,0.036000000000000004,2,1.0,9,2,3,perhour,2.0,2,0.0,0.0,[],[],5416075,0.0,-7.7,
245,1669927259.492,a02b45,adsb_icao,N11QN   ,N11QN,EC30,9750,10375.0,94.6,326.65,-192.0,1200,none,A7,1016.8,12000.0,19.61142,-155.525257,8,186,0.005,2,1.0,9,2,3,perhour,2.0,2,0.0,0.0,[],[],5416298,0.0,-7.5,
246,1669927289.492,a02b45,adsb_icao,N11QN   ,N11QN,EC30,9675,10300.0,92.3,320.27,-128.0,1200,none,A7,1016.8,12000.0,19.621719,-155.533594,8,186,0.341,2,1.0,9,2,3,perhour,2.0,2,0.0,0.0,[],[],5416523,0.0,-8.1,
247,1669927319.492,a02b45,adsb_icao,N11QN   ,N11QN,EC30,9650,10275.0,95.0,323.13,0.0,1200,none,A7,1016.8,12000.0,19.631927,-155.542128,8,186,0.47100000000000003,2,1.0,9,2,3,perhour,2.0,2,0.0,0.0,[],[],5416749,0.2,-9.2,
248,1669927349.492,a02b45,adsb_icao,N11QN   ,N11QN,EC30,9650,10250.0,93.7,320.19,0.0,1200,none,A7,1016.8,12000.0,19.642298,-155.550626,8,186,0.165,2,1.0,9,2,3,perhour,2.0,2,0.0,0.0,[],[],5416976,0.2,-10.4,
249,1669927379.492,a02b45,adsb_icao,N11QN   ,N11QN,EC30,9675,10300.0,92.3,320.27,0.0,1200,none,A7,1016.8,12000.0,19.652161,-155.559442,8,186,0.017,2,1.0,9,2,3,perhour,2.0,2,0.0,0.0,[],[],5417201,0.0,-10.6,
250,1669927409.492,a02b45,adsb_icao,N11QN   ,N11QN,EC30,9700,10325.0,91.9,315.0,64.0,1200,none,A7,1016.8,12000.0,19.661664,-155.568404,8,186,0.339,2,1.0,9,2,3,perhour,1.0,2,0.0,0.0,[],[],5417437,0.2,-12.1,
251,1669927439.492,a02b45,adsb_icao,N11QN   ,N11QN,EC30,9625,10225.0,101.1,331.66,-256.0,1200,none,A7,1016.8,12000.0,19.672231,-155.576943,8,186,0.372,2,1.0,9,2,3,perhour,1.0,2,0.0,0.0,[],[],5417657,0.4,-15.1,
252,1669927469.492,a02b45,adsb_icao,N11QN   ,N11QN,EC30,9525,10125.0,99.5,337.56,-128.0,1200,none,A7,1016.8,12000.0,19.684893,-155.583185,8,186,0.337,2,1.0,9,2,3,perhour,1.0,2,0.0,0.0,[],[],5417886,0.30000000000000004,-16.3,
253,1669927499.492,a02b45,adsb_icao,N11QN   ,N11QN,EC30,9450,10050.0,99.7,338.84,-192.0,1200,none,A7,1016.8,12000.0,19.6978,-155.588477,8,186,0.367,2,1.0,9,2,3,perhour,1.0,2,0.0,0.0,[],[],5418121,0.2,-12.5,
254,1669927529.492,a02b45,adsb_icao,N11QN   ,N11QN,EC30,9350,9925.0,100.1,338.3,-192.0,1200,none,A7,1016.8,12000.0,19.710823,-155.594022,8,186,0.0,2,1.0,9,2,3,perhour,1.0,2,0.0,0.0,[],[],5418324,0.0,-11.1,
255,1669927559.492,a02b45,adsb_icao,N11QN   ,N11QN,EC30,9225,9800.0,103.4,343.14,-320.0,1200,none,A7,1016.8,12000.0,19.723984,-155.599316,8,186,0.28300000000000003,2,1.0,9,2,3,perhour,1.0,2,0.0,0.0,[],[],5418516,0.30000000000000004,-12.1,
256,1669927589.492,a02b45,adsb_icao,N11QN   ,N11QN,EC30,9200,9775.0,96.6,338.75,-64.0,1200,none,A7,1016.8,12000.0,19.73703,-155.603828,8,186,0.641,2,1.0,9,2,3,perhour,1.0,2,0.0,0.0,[],[],5418712,0.4,-12.9,
257,1669927619.492,a02b45,adsb_icao,N11QN   ,N11QN,EC30,9150,9725.0,98.8,334.21,-192.0,1200,none,A7,1016.8,12000.0,19.74974,-155.609553,8,186,0.002,2,1.0,9,2,3,perhour,1.0,2,0.0,0.0,[],[],5418900,0.0,-12.2,
258,1669927649.492,a02b45,adsb_icao,N11QN   ,N11QN,EC30,9125,9700.0,100.5,337.77,-64.0,1200,none,A7,1016.8,12000.0,19.762299,-155.614913,8,186,0.46,2,1.0,9,2,3,perhour,1.0,2,0.0,0.0,[],[],5419092,0.1,-10.1,
259,1669927679.492,a02b45,adsb_icao,N11QN   ,N11QN,EC30,9100,9675.0,96.8,341.94,128.0,1200,none,A7,1016.8,12000.0,19.775436,-155.619621,8,186,0.426,2,1.0,9,2,3,perhour,1.0,2,0.0,0.0,[],[],5419284,0.4,-6.7,
260,1669927709.492,a02b45,adsb_icao,N11QN   ,N11QN,EC30,9125,9700.0,100.0,351.95,-192.0,1200,none,A7,1016.8,12000.0,19.788565,-155.623335,8,186,0.277,2,1.0,9,2,3,perhour,1.0,2,0.0,0.0,[],[],5419482,0.30000000000000004,-9.2,
261,1669927739.492,a02b45,adsb_icao,N11QN   ,N11QN,EC30,9075,9650.0,101.0,0.5700000000000001,0.0,1200,none,A7,1016.8,12000.0,19.802719,-155.624428,8,186,0.122,2,1.0,9,2,3,perhour,1.0,2,0.0,0.0,[],[],5419673,0.1,-4.4,
262,1669927769.492,a02b45,adsb_icao,N11QN   ,N11QN,EC30,9100,9675.0,103.5,5.55,-64.0,1200,none,A7,1016.8,12000.0,19.816772,-155.623104,8,186,0.254,2,1.0,9,2,3,perhour,1.0,2,0.0,0.0,[],[],5419862,0.30000000000000004,-7.6,
263,1669927799.492,a02b45,adsb_icao,N11QN   ,N11QN,EC30,9025,9600.0,108.3,9.03,-256.0,1200,none,A7,1016.8,12000.0,19.831329,-155.62124,8,186,0.077,2,1.0,9,2,3,perhour,1.0,2,0.0,0.0,[],[],5420058,0.1,-7.8,
264,1669927829.492,a02b45,adsb_icao,N11QN   ,N11QN,EC30,8975,9550.0,106.0,15.87,64.0,1200,none,A7,1016.8,12000.0,19.845474,-155.618052,8,186,0.797,2,1.0,9,2,3,perhour,1.0,2,0.0,0.0,[],[],5420220,0.30000000000000004,-15.9,
265,1669927859.492,a02b45,adsb_icao,N11QN   ,N11QN,EC30,8925,9475.0,108.2,13.91,-128.0,1200,none,A7,1016.8,12000.0,19.860306,-155.613736,8,186,0.044,2,1.0,9,2,3,perhour,2.0,2,0.0,0.0,[],[],5420397,0.0,-19.2,
266,1669927889.492,a02b45,adsb_icao,N11QN   ,N11QN,EC30,8925,9475.0,104.8,20.68,0.0,1200,none,A7,1016.8,12000.0,19.87468,-155.60942,8,186,0.228,2,1.0,9,2,3,perhour,2.0,2,0.0,0.0,[],[],5420586,0.2,-8.2,
267,1669927919.492,a02b45,adsb_icao,N11QN   ,N11QN,EC30,8900,9450.0,109.8,23.06,-128.0,1200,none,A7,1016.8,12000.0,19.887907,-155.604209,8,186,1.385,2,1.0,9,2,3,perhour,2.0,2,0.0,0.0,[],[],5420767,1.0,-21.0,
268,1669927949.492,a02b45,adsb_icao,N11QN   ,N11QN,EC30,8825,9375.0,110.9,27.95,-128.0,1200,none,A7,1016.8,12000.0,19.902292,-155.597118,8,186,0.395,2,1.0,9,2,3,perhour,2.0,2,0.0,0.0,[],[],5420932,0.2,-21.1,
269,1669927979.492,a02b45,adsb_icao,N11QN   ,N11QN,EC30,8725,9250.0,114.5,25.89,-192.0,1200,none,A7,1016.8,12000.0,19.916428,-155.589556,8,186,0.176,2,1.0,9,2,3,perhour,2.0,2,0.0,0.0,[],[],5421130,0.2,-16.3,
270,1669928009.492,a02b45,adsb_icao,N11QN   ,N11QN,EC30,8600,9125.0,118.1,28.3,-192.0,1200,none,A7,1016.8,12000.0,19.930922,-155.582087,8,186,0.457,2,1.0,9,2,3,perhour,2.0,2,0.0,0.0,[],[],5421355,0.1,-8.6,
271,1669928039.492,a02b45,adsb_icao,N11QN   ,N11QN,EC30,8425,8925.0,123.5,21.37,-448.0,1200,none,A7,1016.8,12000.0,19.946144,-155.574097,8,186,0.106,2,1.0,9,2,3,perhour,2.0,2,0.0,0.0,[],[],5421587,0.1,-8.6,
272,1669928069.492,a02b45,adsb_icao,N11QN   ,N11QN,EC30,8225,8725.0,120.8,17.84,-320.0,1200,none,A7,1016.8,12000.0,19.96225,-155.568221,8,186,0.011,2,1.0,9,2,3,perhour,2.0,2,0.0,0.0,[],[],5421829,0.0,-9.7,
273,1669928099.492,a02b45,adsb_icao,N11QN   ,N11QN,EC30,8075,8575.0,116.3,11.41,-192.0,1200,none,A7,1016.8,12000.0,19.978265,-155.56361,8,186,0.036000000000000004,2,1.0,9,2,3,perhour,2.0,2,0.0,0.0,[],[],5422066,0.0,-6.2,
274,1669928129.492,a02b45,adsb_icao,N11QN   ,N11QN,EC30,7925,8400.0,117.7,6.34,-320.0,1200,none,A7,1016.8,12000.0,19.994419,-155.561063,8,186,0.004,2,1.0,9,2,3,perhour,2.0,2,0.0,0.0,[],[],5422307,0.0,-4.3,
275,1669928159.492,a02b45,adsb_icao,N11QN   ,N11QN,EC30,7700,8175.0,122.0,14.72,-576.0,1200,none,A7,1016.8,12000.0,20.010712,-155.558017,8,186,0.01,2,1.0,9,2,3,perhour,2.0,2,0.0,0.0,[],[],5422538,0.0,-7.3,
276,1669928189.492,a02b45,adsb_icao,N11QN   ,N11QN,EC30,7350,7800.0,126.5,18.43,-896.0,1200,none,A7,1016.8,12000.0,20.027238,-155.553123,8,186,0.194,2,1.0,9,2,3,perhour,2.0,2,0.0,0.0,[],[],5422762,0.2,-11.0,
277,1669928219.492,a02b45,adsb_icao,N11QN   ,N11QN,EC30,6875,7300.0,125.6,20.02,-1024.0,1200,none,A7,1016.8,12000.0,20.043732,-155.547033,8,186,0.225,2,1.0,9,2,3,perhour,2.0,2,0.0,0.0,[],[],5422956,0.2,-4.0,
278,1669928249.492,a02b45,adsb_icao,N11QN   ,N11QN,EC30,6400,6800.0,123.7,14.04,-832.0,1200,none,A7,1016.8,12000.0,20.060074,-155.541246,8,186,0.401,2,1.0,9,2,3,perhour,2.0,2,0.0,0.0,[],[],5423129,0.4,-3.1,
279,1669928279.492,a02b45,adsb_icao,N11QN   ,N11QN,EC30,6025,6400.0,123.4,11.22,-896.0,1200,none,A7,1016.8,12000.0,20.076677,-155.537692,8,186,0.875,2,1.0,9,2,3,perhour,2.0,2,0.0,0.0,[],[],5423269,0.5,-1.8,
280,1669928309.492,a02b45,adsb_icao,N11QN   ,N11QN,EC30,5675,6025.0,119.0,21.18,-576.0,1200,none,A7,1016.8,12000.0,20.093203,-155.532898,8,186,0.393,2,1.0,9,2,3,perhour,2.0,2,0.0,0.0,[],[],5423424,0.4,-1.8,
281,1669928339.492,a02b45,adsb_icao,N11QN   ,N11QN,EC30,5350,5700.0,117.4,20.44,-1024.0,1200,none,A7,1016.8,12000.0,20.108093,-155.525306,8,186,0.037,2,1.0,9,2,3,perhour,2.0,2,0.0,0.0,[],[],5423556,0.0,-10.1,
282,1669928369.492,a02b45,adsb_icao,N11QN   ,N11QN,EC30,4800,5125.0,111.2,337.82,-1024.0,1200,none,A7,1016.8,12000.0,20.123275,-155.525657,8,186,0.213,2,1.0,9,2,3,perhour,2.0,2,0.0,0.0,[],[],5423689,0.2,-22.2,
283,1669928399.492,a02b45,adsb_icao,N11QN   ,N11QN,EC30,4275,4575.0,115.2,306.17,-1088.0,1200,none,A7,1016.8,12000.0,20.135376,-155.536194,8,186,0.327,2,1.0,9,2,3,perhour,2.0,2,0.0,0.0,[],[],5423838,0.1,-9.6,
284,1669928429.492,a02b45,adsb_icao,N11QN   ,N11QN,EC30,3750,4025.0,117.7,298.96,-1024.0,1200,none,A7,1016.8,12000.0,20.144038,-155.550876,8,186,0.562,2,1.0,9,2,3,perhour,2.0,2,0.0,0.0,[],[],5424036,0.2,-4.0,
285,1669928459.492,a02b45,adsb_icao,N11QN   ,N11QN,EC30,3300,3575.0,116.1,288.59,-960.0,1200,none,A7,1016.8,12000.0,20.150695,-155.566706,8,186,0.362,2,1.0,9,2,3,perhour,2.0,2,0.0,0.0,[],[],5424214,0.0,-1.7000000000000002,
286,1669928489.492,a02b45,adsb_icao,N11QN   ,N11QN,EC30,2725,2975.0,105.1,248.81,-1216.0,1200,none,A7,1016.8,12000.0,20.151718,-155.582788,8,186,0.11,2,1.0,9,2,3,perhour,2.0,2,0.0,0.0,[],[],5424383,0.0,-4.6,
287,1669928519.492,a02b45,adsb_icao,N11QN   ,N11QN,EC30,2275,2525.0,81.3,148.07,-832.0,1200,none,A7,1016.8,12000.0,20.1432,-155.590476,8,186,0.332,2,1.0,9,2,3,perhour,2.0,2,0.0,0.0,[],[],5424580,0.30000000000000004,-2.6,
288,1669928549.492,a02b45,adsb_icao,N11QN   ,N11QN,EC30,2050,2275.0,77.2,228.67,-64.0,1200,none,A7,1016.8,12000.0,20.135193,-155.586662,8,186,0.1,2,1.0,9,2,3,perhour,2.0,2,0.0,0.0,[],[],5424747,0.1,-2.0,
289,1669928579.492,a02b45,adsb_icao,N11QN   ,N11QN,EC30,1650,1850.0,107.4,308.58,-1216.0,1200,none,A7,1016.8,12000.0,20.138397,-155.59966,8,186,0.05,2,1.0,9,2,3,perhour,2.0,2,0.0,0.0,[],[],5424916,0.1,-2.5,
290,1669928609.492,a02b45,adsb_icao,N11QN   ,N11QN,EC30,1475,1675.0,111.3,289.41,0.0,1200,none,A7,1016.8,12000.0,20.145621,-155.613697,8,186,0.244,2,1.0,9,2,3,perhour,2.0,2,0.0,0.0,[],[],5425087,0.2,-3.0,
291,1669928639.492,a02b45,adsb_icao,N11QN   ,N11QN,EC30,1075,1275.0,100.6,250.84,-896.0,1200,none,A7,1016.8,12000.0,20.146784,-155.628479,8,186,0.971,2,1.0,9,2,3,perhour,1.0,2,0.0,0.0,[],[],5425236,0.2,-20.2,
292,1669928669.492,a02b45,adsb_icao,N11QN   ,N11QN,EC30,1000,1175.0,100.2,238.06,-704.0,1200,none,A7,1016.8,12000.0,20.144897,-155.631932,8,186,22.708,2,1.0,9,2,3,perhour,1.0,2,0.0,0.0,[],[],5425256,22.7,-20.0,
293,1669928699.492,a02b45,adsb_icao,N11QN   ,N11QN,EC30,1000,1175.0,100.2,238.06,-704.0,1200,none,A7,1016.8,12000.0,20.144897,-155.631932,8,186,52.708,2,1.0,9,2,3,perhour,1.0,2,0.0,0.0,[],[],5425256,52.7,-20.0,
294,1669928969.492,a02b45,adsb_icao,N11QN   ,N11QN,EC30,1125,1325.0,97.5,344.54,256.0,1200,none,A7,1016.8,12000.0,20.153137,-155.635856,8,186,0.04,2,1.0,9,2,3,perhour,1.0,2,0.0,0.0,[],[],5425328,0.0,-6.7,
295,1669928999.492,a02b45,adsb_icao,N11QN   ,N11QN,EC30,1100,1275.0,106.1,314.24,128.0,1200,none,A7,1016.8,12000.0,20.164847,-155.644359,8,186,0.068,2,1.0,9,2,3,perhour,1.0,2,0.0,0.0,[],[],5425500,0.1,-6.6,
296,1669929029.493,a02b45,adsb_icao,N11QN   ,N11QN,EC30,975,1150.0,96.9,313.75,-1152.0,1200,none,A7,1016.8,12000.0,20.175385,-155.654836,8,186,0.089,2,1.0,9,2,3,perhour,1.0,2,0.0,0.0,[],[],5425674,0.1,-3.1,
297,1669929059.492,a02b45,adsb_icao,N11QN   ,N11QN,EC30,675,850.0,81.9,287.77,-448.0,1200,none,A7,1016.8,12000.0,20.182617,-155.66543,8,186,0.20800000000000002,2,1.0,9,2,3,perhour,1.0,2,0.0,0.0,[],[],5425852,0.2,-11.6,
298,1669929089.492,a02b45,adsb_icao,N11QN   ,N11QN,EC30,350,525.0,53.2,163.61,-512.0,1200,none,A7,1016.8,12000.0,20.17749,-155.672003,8,186,0.614,2,1.0,9,2,3,perhour,1.0,2,0.0,0.0,[],[],5426009,0.6000000000000001,-24.3,
299,1669929119.492,a02b45,adsb_icao,N11QN   ,N11QN,EC30,100,250.0,23.3,149.04,-320.0,1200,none,A7,1016.8,12000.0,20.172913,-155.668913,8,186,0.317,2,1.0,8,2,3,perhour,1.0,2,0.0,0.0,[],[],5426118,0.1,-24.3,
300,1669929149.492,a02b45,adsb_icao,N11QN   ,N11QN,EC30,50,175.0,6.7,116.57,0.0,1200,none,A7,1016.8,12000.0,20.171631,-155.667785,8,186,0.482,2,1.0,8,2,3,perhour,1.0,2,0.0,0.0,[],[],5426242,0.2,-24.2,
301,1669929179.492,a02b45,adsb_icao,N11QN   ,N11QN,EC30,25,150.0,2.3,63.43,-128.0,1200,none,A7,1016.8,12000.0,20.171631,-155.667392,8,186,11.908,2,1.0,8,2,3,perhour,1.0,2,0.0,0.0,[],[],5426321,11.9,-25.1,
302,1669929209.492,a02b45,adsb_icao,N11QN   ,N11QN,EC30,25,150.0,2.3,63.43,-128.0,1200,none,A7,1016.8,12000.0,20.171631,-155.667392,8,186,41.908,2,1.0,8,2,3,perhour,1.0,2,0.0,0.0,[],[],5426321,41.9,-25.1,
303,1669931039.492,a02b45,adsb_icao,,N11QN,EC30,225,350.0,82.5,96.26,896.0,1200,none,A7,,,20.171173,-155.661654,6,926,4.302,2,1.0,8,2,3,perhour,1.0,2,0.0,0.0,[],[],5426336,0.1,-26.0,
304,1669931069.492,a02b45,adsb_icao,N11QN   ,N11QN,EC30,800,950.0,80.3,129.44,1152.0,1200,none,A7,1016.8,12000.0,20.168385,-155.648005,7,371,0.496,2,1.0,8,2,3,perhour,1.0,2,0.0,0.0,[],[],5426502,0.2,-10.8,
305,1669931099.492,a02b45,adsb_icao,N11QN   ,N11QN,EC30,975,1125.0,86.3,304.61,-64.0,1200,none,A7,1016.8,12000.0,20.164521,-155.652699,8,186,0.11800000000000001,2,1.0,9,2,3,perhour,1.0,2,0.0,0.0,[],[],5426677,0.1,-6.4,
306,1669931129.492,a02b45,adsb_icao,N11QN   ,N11QN,EC30,975,1125.0,102.6,316.19,384.0,1200,none,A7,1016.8,12000.0,20.175156,-155.661703,8,186,0.09,2,1.0,9,2,3,perhour,1.0,2,0.0,0.0,[],[],5426862,0.1,-5.2,
307,1669931159.492,a02b45,adsb_icao,N11QN   ,N11QN,EC30,1225,1400.0,102.4,282.41,832.0,1200,none,A7,1016.8,12000.0,20.181473,-155.675043,8,186,0.28,2,1.0,9,2,3,perhour,1.0,2,0.0,0.0,[],[],5427025,0.30000000000000004,-21.9,
308,1669931189.492,a02b45,adsb_icao,N11QN   ,N11QN,EC30,1625,1825.0,101.1,284.31,704.0,1200,none,A7,1016.8,12000.0,20.184631,-155.689453,8,186,0.128,2,1.0,9,2,3,perhour,1.0,2,0.0,0.0,[],[],5427188,0.1,-16.8,
309,1669931219.492,a02b45,adsb_icao,N11QN   ,N11QN,EC30,1900,2100.0,107.8,276.93,384.0,1200,none,A7,1016.8,12000.0,20.187241,-155.704667,8,186,0.681,2,1.0,9,2,3,perhour,1.0,2,0.0,0.0,[],[],5427379,0.7000000000000001,-3.8,
310,1669931249.492,a02b45,adsb_icao,N11QN   ,N11QN,EC30,2100,2300.0,109.2,273.67,384.0,1200,none,A7,1016.8,12000.0,20.188751,-155.720803,8,186,0.046,2,1.0,9,2,3,perhour,1.0,2,0.0,0.0,[],[],5427590,0.0,-11.0,
311,1669931279.492,a02b45,adsb_icao,N11QN   ,N11QN,EC30,2375,2600.0,100.7,294.02,704.0,1200,none,A7,1016.8,12000.0,20.190765,-155.736351,8,186,0.234,2,1.0,9,2,3,perhour,1.0,2,0.0,0.0,[],[],5427806,0.0,-13.2,
312,1669931309.492,a02b45,adsb_icao,N11QN   ,N11QN,EC30,2675,2925.0,106.0,287.58,512.0,1200,none,A7,1016.8,12000.0,20.19599,-155.750527,8,186,0.164,2,1.0,9,2,3,perhour,1.0,2,0.0,0.0,[],[],5428024,0.2,-13.2,
313,1669931339.492,a02b45,adsb_icao,N11QN   ,N11QN,EC30,2900,3150.0,111.6,282.42,320.0,1200,none,A7,1016.8,12000.0,20.199783,-155.766024,8,186,0.055,2,1.0,9,2,3,perhour,1.0,2,0.0,0.0,[],[],5428230,0.1,-10.5,
314,1669931369.492,a02b45,adsb_icao,N11QN   ,N11QN,EC30,3250,3525.0,100.6,263.72,832.0,1200,none,A7,1016.8,12000.0,20.200599,-155.781089,8,186,0.646,2,1.0,9,2,3,perhour,1.0,2,0.0,0.0,[],[],5428414,0.5,-3.6,
315,1669931399.493,a02b45,adsb_icao,N11QN   ,N11QN,EC30,3600,3875.0,104.1,258.37,448.0,1200,none,A7,1016.8,12000.0,20.198271,-155.79612,8,186,0.091,2,1.0,9,2,3,perhour,1.0,2,0.0,0.0,[],[],5428523,0.1,-5.6,
316,1669931429.492,a02b45,adsb_icao,N11QN   ,N11QN,EC30,4000,4300.0,96.9,222.91,768.0,1200,none,A7,1016.8,12000.0,20.192871,-155.809577,8,186,0.0,2,1.0,9,2,3,perhour,1.0,2,0.0,0.0,[],[],5428707,0.0,-8.9,
317,1669931459.492,a02b45,adsb_icao,N11QN   ,N11QN,EC30,4275,4575.0,99.0,203.2,512.0,1200,none,A7,1016.8,12000.0,20.181061,-155.816492,8,186,0.301,2,1.0,9,2,3,perhour,1.0,2,0.0,0.0,[],[],5428944,0.1,-14.9,
318,1669931489.492,a02b45,adsb_icao,N11QN   ,N11QN,EC30,4400,4725.0,83.2,205.64,-192.0,1200,none,A7,1016.8,12000.0,20.169874,-155.822188,8,186,0.041,2,1.0,9,2,3,perhour,1.0,2,0.0,0.0,[],[],5429171,0.0,-13.7,
319,1669931519.492,a02b45,adsb_icao,N11QN   ,N11QN,EC30,4100,4400.0,101.1,204.54,-896.0,1200,none,A7,1016.8,12000.0,20.157898,-155.82792,8,186,0.28200000000000003,2,1.0,9,2,3,perhour,1.0,2,0.0,0.0,[],[],5429384,0.30000000000000004,-11.0,
320,1669931549.492,a02b45,adsb_icao,N11QN   ,N11QN,EC30,3600,3875.0,107.8,205.85,-1280.0,1200,none,A7,1016.8,12000.0,20.144783,-155.834672,8,186,0.513,2,1.0,9,2,3,perhour,1.0,2,0.0,0.0,[],[],5429591,0.2,-12.3,
321,1669931579.492,a02b45,adsb_icao,N11QN   ,N11QN,EC30,3100,3350.0,109.3,203.75,-896.0,1200,none,A7,1016.8,12000.0,20.13105,-155.841464,8,186,0.32,2,1.0,9,2,3,perhour,1.0,2,0.0,0.0,[],[],5429783,0.30000000000000004,-10.8,
322,1669931609.492,a02b45,adsb_icao,N11QN   ,N11QN,EC30,2800,3025.0,111.8,207.71,-448.0,1200,none,A7,1016.8,12000.0,20.116882,-155.848372,8,186,0.34,2,1.0,9,2,3,perhour,1.0,2,0.0,0.0,[],[],5429972,0.30000000000000004,-11.5,
323,1669931639.492,a02b45,adsb_icao,N11QN   ,N11QN,EC30,2575,2775.0,112.4,215.95,-704.0,1200,none,A7,1016.8,12000.0,20.104019,-155.856857,8,186,0.468,2,1.0,9,2,3,perhour,1.0,2,0.0,0.0,[],[],5430162,0.0,-6.7,
324,1669931669.492,a02b45,adsb_icao,N11QN   ,N11QN,EC30,2500,2725.0,113.2,222.85,-64.0,1200,none,A7,1016.8,12000.0,20.091946,-155.867432,8,186,0.317,2,1.0,9,2,3,perhour,1.0,2,0.0,0.0,[],[],5430351,0.30000000000000004,-8.6,
325,1669931699.492,a02b45,adsb_icao,N11QN   ,N11QN,EC30,2300,2500.0,119.3,184.33,-320.0,1200,none,A7,1016.8,12000.0,20.077652,-155.874269,8,186,0.228,2,1.0,9,2,3,perhour,1.0,2,0.0,0.0,[],[],5430537,0.2,-11.7,
326,1669931729.492,a02b45,adsb_icao,N11QN   ,N11QN,EC30,2125,2300.0,113.5,160.45,-512.0,1200,none,A7,1016.8,12000.0,20.061722,-155.871964,8,186,0.6980000000000001,2,1.0,9,2,3,perhour,1.0,2,0.0,0.0,[],[],5430725,0.2,-8.5,
327,1669931759.492,a02b45,adsb_icao,N11QN   ,N11QN,EC30,2000,2175.0,111.7,160.1,-64.0,1200,none,A7,1016.8,12000.0,20.046936,-155.86598,8,186,0.266,2,1.0,9,2,3,perhour,1.0,2,0.0,0.0,[],[],5430919,0.30000000000000004,-6.6,
328,1669931789.492,a02b45,adsb_icao,N11QN   ,N11QN,EC30,2000,2175.0,107.9,169.32,-64.0,1200,none,A7,1016.8,12000.0,20.032312,-155.86094,8,186,0.074,2,1.0,9,2,3,perhour,1.0,2,0.0,0.0,[],[],5431106,0.1,-5.1,
329,1669931819.492,a02b45,adsb_icao,N11QN   ,N11QN,EC30,1975,2150.0,108.7,192.76,-64.0,1200,none,A7,1016.8,12000.0,20.01741,-155.861566,8,186,0.031,2,1.0,9,2,3,perhour,1.0,2,0.0,0.0,[],[],5431273,0.0,-3.2,
330,1669931849.492,a02b45,adsb_icao,N11QN   ,N11QN,EC30,1900,2075.0,113.2,207.92,-128.0,1200,none,A7,1016.8,12000.0,20.002845,-155.866782,8,186,0.433,2,1.0,9,2,3,perhour,1.0,2,0.0,0.0,[],[],5431443,0.4,-2.7,
331,1669931879.492,a02b45,adsb_icao,N11QN   ,N11QN,EC30,1950,2125.0,108.4,217.5,256.0,1200,none,A7,1016.8,12000.0,19.990415,-155.875821,8,186,0.548,2,1.0,9,2,3,perhour,1.0,2,0.0,0.0,[],[],5431626,0.0,-2.3,
332,1669931909.492,a02b45,adsb_icao,N11QN   ,N11QN,EC30,2125,2325.0,104.6,215.67,320.0,1200,none,A7,1016.8,12000.0,19.978638,-155.885206,8,186,0.5640000000000001,2,1.0,9,2,3,perhour,1.0,2,0.0,0.0,[],[],5431798,0.6000000000000001,-3.8,
333,1669931939.492,a02b45,adsb_icao,N11QN   ,N11QN,EC30,2075,2250.0,112.9,214.53,-128.0,1200,none,A7,1016.8,12000.0,19.966048999999998,-155.894574,8,186,0.379,2,1.0,9,2,3,perhour,1.0,2,0.0,0.0,[],[],5431970,0.4,-2.8,
334,1669931969.492,a02b45,adsb_icao,N11QN   ,N11QN,EC30,2050,2225.0,110.2,216.14,-256.0,1200,none,A7,1016.8,12000.0,19.95314,-155.90404,8,186,0.019,2,1.0,9,2,3,perhour,1.0,2,0.0,0.0,[],[],5432155,0.0,-2.3,
335,1669931999.492,a02b45,adsb_icao,N11QN   ,N11QN,EC30,1875,2050.0,102.3,213.85,-256.0,1200,none,A7,1016.8,12000.0,19.941696,-155.913358,8,186,0.313,2,1.0,9,2,3,perhour,1.0,2,0.0,0.0,[],[],5432343,0.30000000000000004,-7.9,
336,1669932029.492,a02b45,adsb_icao,N11QN   ,N11QN,EC30,1750,1925.0,97.9,191.2,-576.0,1200,none,A7,1016.8,12000.0,19.929013,-155.919367,8,186,0.464,2,1.0,9,2,3,perhour,1.0,2,0.0,0.0,[],[],5432529,0.5,-4.4,
337,1669932059.492,a02b45,adsb_icao,N11QN   ,N11QN,EC30,1650,1825.0,81.4,42.51,0.0,1200,none,A7,1016.8,12000.0,19.922241,-155.913407,8,186,0.505,2,1.0,9,2,3,perhour,1.0,2,0.0,0.0,[],[],5432712,0.5,-2.4,
338,1669932089.492,a02b45,adsb_icao,N11QN   ,N11QN,EC30,1875,2075.0,72.3,14.42,576.0,1200,none,A7,1016.8,12000.0,19.933411,-155.9112,8,186,0.156,2,1.0,9,2,3,perhour,1.0,2,0.0,0.0,[],[],5432891,0.2,-5.5,
339,1669932119.492,a02b45,adsb_icao,N11QN   ,N11QN,EC30,1925,2100.0,91.4,193.28,-256.0,1200,none,A7,1016.8,12000.0,19.928787,-155.907522,8,186,0.061,2,1.0,9,2,3,perhour,1.0,2,0.0,0.0,[],[],5433076,0.1,-2.5,
340,1669932149.492,a02b45,adsb_icao,N11QN   ,N11QN,EC30,1800,1975.0,104.0,162.09,-64.0,1200,none,A7,1016.8,12000.0,19.915558,-155.909484,8,186,0.297,2,1.0,9,2,3,perhour,1.0,2,0.0,0.0,[],[],5433266,0.30000000000000004,-6.8,
341,1669932179.492,a02b45,adsb_icao,N11QN   ,N11QN,EC30,1800,1975.0,97.6,135.83,-192.0,1200,none,A7,1016.8,12000.0,19.90416,-155.901146,8,186,0.593,2,1.0,9,2,3,perhour,1.0,2,0.0,0.0,[],[],5433443,0.6000000000000001,-4.9,
342,1669932209.492,a02b45,adsb_icao,N11QN   ,N11QN,EC30,1525,1675.0,100.7,96.84,-576.0,1200,none,A7,1016.8,12000.0,19.898483,-155.887903,8,186,0.005,2,1.0,9,2,3,perhour,1.0,2,0.0,0.0,[],[],5433624,0.0,-4.9,
343,1669932239.492,a02b45,adsb_icao,N11QN   ,N11QN,EC30,1450,1625.0,102.8,79.35,192.0,1200,none,A7,1016.8,12000.0,19.898895,-155.872601,8,186,0.082,2,1.0,9,2,3,perhour,1.0,2,0.0,0.0,[],[],5433806,0.1,-3.6,
344,1669932269.492,a02b45,adsb_icao,N11QN   ,N11QN,EC30,1100,1250.0,97.2,49.59,-640.0,1200,none,A7,1016.8,12000.0,19.904892,-155.860094,8,186,0.20800000000000002,2,1.0,9,2,3,perhour,1.0,2,0.0,0.0,[],[],5433988,0.2,-2.7,
345,1669932299.492,a02b45,adsb_icao,N11QN   ,N11QN,EC30,750,900.0,77.9,29.2,-768.0,1200,none,A7,1016.8,12000.0,19.912949,-155.850825,8,186,1.855,2,1.0,9,2,3,perhour,1.0,2,0.0,0.0,[],[],5434154,0.5,-1.7000000000000002,
346,1669932329.492,a02b45,adsb_icao,N11QN   ,N11QN,EC30,325,450.0,52.3,296.08,-768.0,1200,none,A7,1016.8,12000.0,19.919284,-155.855946,8,186,0.34400000000000003,2,1.0,9,2,3,perhour,1.0,2,0.0,0.0,[],[],5434312,0.30000000000000004,-8.9,
347,1669932359.492,a02b45,adsb_icao,N11QN   ,N11QN,EC30,125,225.0,18.1,263.66,-320.0,1200,none,A7,1016.8,12000.0,19.920135,-155.860928,8,186,0.314,2,1.0,9,2,3,perhour,1.0,2,0.0,0.0,[],[],5434497,0.30000000000000004,-16.1,
348,1669932389.492,a02b45,adsb_icao,N11QN   ,N11QN,EC30,ground,200.0,5.8,231.34,128.0,1200,none,A7,1016.8,12000.0,19.920181,-155.861443,8,186,1.256,2,1.0,9,2,3,perhour,1.0,2,0.0,0.0,[],[],5434608,1.3,-20.6,53.44
349,1669932419.492,a02b45,adsb_icao,N11QN   ,N11QN,EC30,ground,200.0,0.1,21.8,0.0,1200,none,A7,1016.8,12000.0,19.920378,-155.861189,8,186,0.031,2,1.0,9,2,3,perhour,1.0,2,0.0,0.0,[],[],5434660,0.0,-23.2,120.94
350,1669932449.492,a02b45,adsb_icao,N11QN   ,N11QN,EC30,ground,200.0,0.0,21.8,0.0,1200,none,A7,,,19.920378,-155.861189,8,186,4.971,2,,9,2,3,perhour,,2,0.0,0.0,[],[],5434681,5.0,-24.0,120.94
351,1669932479.492,a02b45,adsb_icao,N11QN   ,N11QN,EC30,ground,,0.0,,,1200,none,A7,,,19.920376,-155.861198,8,186,4.965,2,,9,2,3,perhour,,2,,,[],[],5434696,1.4,-22.2,120.94
352,1669932509.492,a02b45,adsb_icao,N11QN   ,N11QN,EC30,ground,,0.0,,,1200,none,A7,,,19.920378,-155.861202,8,186,0.198,2,,9,2,3,perhour,,2,,,[],[],5434719,0.2,-22.8,120.94
353,1669932539.492,a02b45,adsb_icao,N11QN   ,N11QN,EC30,ground,,0.0,,,1200,none,A7,,,19.920376,-155.861198,8,186,4.866,2,,9,2,3,perhour,,2,,,[],[],5434735,2.0,-23.4,120.94
354,1669932569.492,a02b45,adsb_icao,N11QN   ,N11QN,EC30,ground,,0.0,,,1200,none,A7,,,19.920376,-155.861198,8,186,20.332,2,,9,2,3,perhour,,2,,,[],[],5434748,9.9,-22.8,120.94
355,1669932599.492,a02b45,adsb_icao,N11QN   ,N11QN,EC30,ground,,0.0,,,1200,none,A7,,,19.920376,-155.861198,8,186,50.332,2,,9,2,3,perhour,,2,,,[],[],5434748,40.0,-22.8,120.94
356,1669936049.492,a02b45,adsb_icao,N11QN   ,N11QN,EC30,ground,,,,,1200,none,A7,,,19.920387,-155.861186,8,186,0.629,2,,9,2,3,perhour,,2,,,[],[],5434780,0.2,-24.6,120.94
357,1669936079.492,a02b45,adsb_icao,N11QN   ,N11QN,EC30,ground,,,,,1200,none,A7,,,19.920387,-155.861186,8,186,8.937,2,,9,2,3,perhour,,2,,,[],[],5434817,0.7000000000000001,-26.2,120.94
358,1669936109.492,a02b45,adsb_icao,N11QN   ,N11QN,EC30,ground,,0.0,,,1200,none,A7,,,19.920378,-155.861189,8,186,4.086,2,,9,2,3,perhour,,2,,,[],[],5434830,4.1,-26.0,120.94
359,1669936139.492,a02b45,adsb_icao,N11QN   ,N11QN,EC30,ground,,0.0,,,1200,none,A7,,,19.920378,-155.861189,8,186,4.124,2,,9,2,3,perhour,,2,,,[],[],5434846,4.1,-24.7,120.94
360,1669936169.492,a02b45,adsb_icao,N11QN   ,N11QN,EC30,ground,,0.0,,,1200,none,A7,,,19.920378,-155.861189,8,186,3.3810000000000002,2,,9,2,3,perhour,,2,,,[],[],5434862,3.4,-25.1,120.94
361,1669936199.492,a02b45,adsb_icao,N11QN   ,N11QN,EC30,ground,,0.0,,,1200,none,A7,,,19.920376,-155.861186,8,186,23.987,2,,9,2,3,perhour,,2,,,[],[],5434869,3.9,-25.7,120.94
362,1669936229.492,a02b45,adsb_icao,N11QN   ,N11QN,EC30,ground,,4.8,,,1200,none,A7,,,19.920296,-155.861112,8,186,1.52,2,,9,2,3,perhour,,2,,,[],[],5434886,0.8,-22.2,233.44
363,1669936259.492,a02b45,adsb_icao,N11QN   ,N11QN,EC30,425,525.0,68.9,203.96,1152.0,1200,none,A7,1016.8,12000.0,19.916071,-155.866083,8,186,0.156,2,1.0,9,2,3,perhour,2.0,2,0.0,0.0,[],[],5435033,0.2,-6.0,239.06
364,1669936289.492,a02b45,adsb_icao,N11QN   ,N11QN,EC30,1000,1125.0,82.1,133.03,896.0,1200,none,A7,1016.8,12000.0,19.906994,-155.86099,8,186,0.07100000000000001,2,1.0,9,2,3,perhour,2.0,2,0.0,0.0,[],[],5435231,0.1,-2.5,239.06
365,1669936319.492,a02b45,adsb_icao,N11QN   ,N11QN,EC30,1425,1575.0,93.7,129.81,832.0,1200,none,A7,1016.8,12000.0,19.899307,-155.851266,8,186,0.375,2,1.0,9,2,3,perhour,2.0,2,0.0,0.0,[],[],5435420,0.4,-3.8,
366,1669936349.492,a02b45,adsb_icao,N11QN   ,N11QN,EC30,1775,1925.0,97.5,128.75,448.0,1200,none,A7,1016.8,12000.0,19.891026,-155.840016,8,186,0.545,2,1.0,9,2,3,perhour,2.0,2,0.0,0.0,[],[],5435612,0.2,-2.7,
367,1669936379.493,a02b45,adsb_icao,N11QN   ,N11QN,EC30,2175,2350.0,101.4,126.98,1024.0,1200,none,A7,1016.8,12000.0,19.882507,-155.82833,8,186,0.19,2,1.0,9,2,3,perhour,2.0,2,0.0,0.0,[],[],5435803,0.2,-2.9,
368,1669936409.492,a02b45,adsb_icao,N11QN   ,N11QN,EC30,2550,2750.0,93.8,125.89,640.0,1200,none,A7,1016.8,12000.0,19.874541999999998,-155.816983,8,186,0.14100000000000001,2,1.0,9,2,3,perhour,2.0,2,0.0,0.0,[],[],5436002,0.1,-2.7,
369,1669936439.492,a02b45,adsb_icao,N11QN   ,N11QN,EC30,2900,3125.0,92.4,123.52,640.0,1200,none,A7,1016.8,12000.0,19.867285,-155.805858,8,186,0.115,2,1.0,9,2,3,perhour,2.0,2,0.0,0.0,[],[],5436198,0.1,-2.7,
370,1669936469.492,a02b45,adsb_icao,N11QN   ,N11QN,EC30,3225,3450.0,94.7,121.17,768.0,1200,none,A7,1016.8,12000.0,19.860395,-155.794073,8,186,0.35000000000000003,2,1.0,9,2,3,perhour,2.0,2,0.0,0.0,[],[],5436396,0.30000000000000004,-2.4,
371,1669936499.492,a02b45,adsb_icao,N11QN   ,N11QN,EC30,3500,3750.0,94.0,119.29,704.0,1200,none,A7,1016.8,12000.0,19.853459,-155.782088,8,186,0.149,2,1.0,9,2,3,perhour,2.0,2,0.0,0.0,[],[],5436592,0.1,-2.9,
372,1669936529.493,a02b45,adsb_icao,N11QN   ,N11QN,EC30,3775,4050.0,99.9,119.39,448.0,1200,none,A7,1016.8,12000.0,19.846755,-155.769953,8,186,0.065,2,1.0,9,2,3,perhour,2.0,2,0.0,0.0,[],[],5436786,0.1,-3.9,
373,1669936559.492,a02b45,adsb_icao,N11QN   ,N11QN,EC30,4225,4525.0,95.5,120.86,1024.0,1200,none,A7,1016.8,12000.0,19.839798,-155.757343,8,186,0.23900000000000002,2,1.0,9,2,3,perhour,2.0,2,0.0,0.0,[],[],5436979,0.2,-3.4,
374,1669936589.493,a02b45,adsb_icao,N11QN   ,N11QN,EC30,4625,4925.0,99.7,115.54,640.0,1200,none,A7,1016.8,12000.0,19.833298,-155.744983,8,186,0.047,2,1.0,9,2,3,perhour,2.0,2,0.0,0.0,[],[],5437178,0.0,-7.5,
375,1669936619.492,a02b45,adsb_icao,N11QN   ,N11QN,EC30,5075,5400.0,91.2,102.67,704.0,1200,none,A7,1016.8,12000.0,19.829019,-155.7319,8,186,0.387,2,1.0,9,2,3,perhour,2.0,2,0.0,0.0,[],[],5437359,0.4,-3.4,
376,1669936649.492,a02b45,adsb_icao,N11QN   ,N11QN,EC30,5350,5700.0,90.5,106.03,320.0,1200,none,A7,1016.8,12000.0,19.826319,-155.718966,8,186,0.08700000000000001,2,1.0,9,2,3,perhour,2.0,2,0.0,0.0,[],[],5437556,0.1,-4.4,
377,1669936679.492,a02b45,adsb_icao,N11QN   ,N11QN,EC30,5550,5900.0,95.8,114.69,448.0,1200,none,A7,1016.8,12000.0,19.82185,-155.706232,8,186,0.437,2,1.0,9,2,3,perhour,2.0,2,0.0,0.0,[],[],5437751,0.4,-4.9,
378,1669936709.492,a02b45,adsb_icao,N11QN   ,N11QN,EC30,5850,6225.0,82.9,171.67,960.0,1200,none,A7,1016.8,12000.0,19.813144,-155.697193,8,186,0.214,2,1.0,9,2,3,perhour,2.0,2,0.0,0.0,[],[],5437945,0.2,-5.4,
379,1669936739.492,a02b45,adsb_icao,N11QN   ,N11QN,EC30,5925,6300.0,85.1,72.2,0.0,1200,none,A7,1016.8,12000.0,19.806069,-155.690052,8,186,0.074,2,1.0,9,2,3,perhour,2.0,2,0.0,0.0,[],[],5438131,0.1,-10.0,
380,1669936769.492,a02b45,adsb_icao,N11QN   ,N11QN,EC30,6325,6725.0,72.1,73.07,896.0,1200,none,A7,1016.8,12000.0,19.81105,-155.680193,8,186,0.442,2,1.0,9,2,3,perhour,2.0,2,0.0,0.0,[],[],5438302,0.4,-3.3,
381,1669936799.492,a02b45,adsb_icao,N11QN   ,N11QN,EC30,6675,7100.0,72.7,82.09,576.0,1200,none,A7,1016.8,12000.0,19.81375,-155.669977,8,186,0.461,2,1.0,9,2,3,perhour,2.0,2,0.0,0.0,[],[],5438487,0.5,-4.8,
382,1669936829.494,a02b45,adsb_icao,N11QN   ,N11QN,EC30,6875,7300.0,85.7,124.06,384.0,1200,none,A7,1016.8,12000.0,19.811691,-155.658809,8,186,0.394,2,1.0,9,2,3,perhour,2.0,2,0.0,0.0,[],[],5438665,0.4,-13.4,
383,1669936859.492,a02b45,adsb_icao,N11QN   ,N11QN,EC30,7150,7575.0,88.0,143.78,448.0,1200,none,A7,1016.8,12000.0,19.802531,-155.650502,8,186,0.371,2,1.0,9,2,3,perhour,2.0,2,0.0,0.0,[],[],5438846,0.4,-6.2,
384,1669936889.492,a02b45,adsb_icao,N11QN   ,N11QN,EC30,7450,7900.0,81.3,145.53,896.0,1200,none,A7,1016.8,12000.0,19.793793,-155.64179,8,186,0.398,2,1.0,9,2,3,perhour,2.0,2,0.0,0.0,[],[],5439025,0.4,-8.4,
385,1669936919.492,a02b45,adsb_icao,N11QN   ,N11QN,EC30,7875,8350.0,80.8,164.93,832.0,1200,none,A7,1016.8,12000.0,19.783258,-155.637268,8,186,0.088,2,1.0,9,2,3,perhour,2.0,2,0.0,0.0,[],[],5439205,0.1,-13.9,
386,1669936949.492,a02b45,adsb_icao,N11QN   ,N11QN,EC30,8300,8800.0,81.0,118.78,832.0,1200,none,A7,1016.8,12000.0,19.773788,-155.63203,8,186,0.647,2,1.0,9,2,3,perhour,2.0,2,0.0,0.0,[],[],5439391,0.2,-7.9,
387,1669936979.492,a02b45,adsb_icao,N11QN   ,N11QN,EC30,8525,9025.0,95.2,99.07,576.0,1200,none,A7,1016.8,12000.0,19.771729,-155.618984,8,186,0.45,2,1.0,9,2,3,perhour,2.0,2,0.0,0.0,[],[],5439582,0.5,-11.4,
388,1669937009.492,a02b45,adsb_icao,N11QN   ,N11QN,EC30,8650,9150.0,106.4,111.5,256.0,1200,none,A7,1016.8,12000.0,19.768547,-155.604509,8,186,0.36,2,1.0,9,2,3,perhour,2.0,2,0.0,0.0,[],[],5439772,0.4,-6.4,
389,1669937039.492,a02b45,adsb_icao,N11QN   ,N11QN,EC30,8850,9375.0,104.0,136.95,256.0,1200,none,A7,1016.8,12000.0,19.759918,-155.592057,8,186,0.051000000000000004,2,1.0,9,2,3,perhour,2.0,2,0.0,0.0,[],[],5439967,0.1,-3.9,
390,1669937069.492,a02b45,adsb_icao,N11QN   ,N11QN,EC30,9000,9525.0,107.1,147.2,128.0,1200,none,A7,1016.8,12000.0,19.748437,-155.583085,8,186,0.39,2,1.0,9,2,3,perhour,2.0,2,0.0,0.0,[],[],5440155,0.4,-8.1,
391,1669937099.492,a02b45,adsb_icao,N11QN   ,N11QN,EC30,9125,9650.0,107.0,150.32,384.0,1200,none,A7,1016.8,12000.0,19.735565,-155.574744,8,186,0.028,2,1.0,9,2,3,perhour,2.0,2,0.0,0.0,[],[],5440349,0.0,-13.9,
392,1669937129.492,a02b45,adsb_icao,N11QN   ,N11QN,EC30,9275,9825.0,108.2,153.67,192.0,1200,none,A7,1016.8,12000.0,19.72229,-155.567387,8,186,0.266,2,1.0,9,2,3,perhour,2.0,2,0.0,0.0,[],[],5440550,0.30000000000000004,-11.2,
393,1669937159.492,a02b45,adsb_icao,N11QN   ,N11QN,EC30,9325,9875.0,107.4,151.05,320.0,1200,none,A7,1016.8,12000.0,19.708557,-155.559981,8,186,0.0,2,1.0,9,2,3,perhour,2.0,2,0.0,0.0,[],[],5440776,0.0,-13.3,
394,1669937189.492,a02b45,adsb_icao,N11QN   ,N11QN,EC30,9475,10025.0,107.9,150.58,128.0,1200,none,A7,1016.8,12000.0,19.695511,-155.55287,8,186,0.066,2,1.0,9,2,3,perhour,2.0,2,0.0,0.0,[],[],5441007,0.1,-11.2,
395,1669937219.492,a02b45,adsb_icao,N11QN   ,N11QN,EC30,9450,10000.0,113.5,145.05,-64.0,1200,none,A7,1016.8,12000.0,19.682845,-155.543635,8,186,0.138,2,1.0,9,2,3,perhour,2.0,2,0.0,0.0,[],[],5441244,0.1,-13.4,
396,1669937249.492,a02b45,adsb_icao,N11QN   ,N11QN,EC30,9500,10050.0,110.1,150.64,192.0,1200,none,A7,1016.8,12000.0,19.669577,-155.534196,8,186,0.001,2,1.0,9,2,3,perhour,2.0,2,0.0,0.0,[],[],5441486,0.0,-15.1,
397,1669937279.492,a02b45,adsb_icao,N11QN   ,N11QN,EC30,9600,10150.0,102.8,160.68,256.0,1200,none,A7,1016.8,12000.0,19.656031,-155.527555,8,186,0.074,2,1.0,9,2,3,perhour,2.0,2,0.0,0.0,[],[],5441727,0.1,-14.1,
398,1669937309.492,a02b45,adsb_icao,N11QN   ,N11QN,EC30,9700,10275.0,104.1,160.35,0.0,1200,none,A7,1016.8,12000.0,19.64281,-155.522211,8,186,0.056,2,1.0,9,2,3,perhour,2.0,2,0.0,0.0,[],[],5441961,0.1,-10.2,
399,1669937339.492,a02b45,adsb_icao,N11QN   ,N11QN,EC30,9750,10300.0,105.0,162.26,320.0,1200,none,A7,1016.8,12000.0,19.628891,-155.517517,8,186,0.17200000000000001,2,1.0,9,2,3,perhour,2.0,2,0.0,0.0,[],[],5442187,0.2,-11.4,
400,1669937369.492,a02b45,adsb_icao,N11QN   ,N11QN,EC30,9875,10450.0,98.5,174.17,320.0,1200,none,A7,1016.8,12000.0,19.615065,-155.514521,8,186,0.229,2,1.0,9,2,3,perhour,2.0,2,0.0,0.0,[],[],5442417,0.0,-9.6,
401,1669937399.492,a02b45,adsb_icao,N11QN   ,N11QN,EC30,10100,10700.0,92.3,184.35,384.0,1200,none,A7,1016.8,12000.0,19.601807,-155.51427,8,186,0.117,2,1.0,9,2,3,perhour,2.0,2,0.0,0.0,[],[],5442654,0.1,-10.6,
402,1669937429.492,a02b45,adsb_icao,N11QN   ,N11QN,EC30,10250,10850.0,97.3,184.13,192.0,1200,none,A7,1016.8,12000.0,19.588989,-155.515251,8,186,0.18,2,1.0,9,2,3,perhour,2.0,2,0.0,0.0,[],[],5442862,0.2,-4.9,
403,1669937459.492,a02b45,adsb_icao,N11QN   ,N11QN,EC30,10450,11050.0,88.3,199.87,384.0,1200,none,A7,1016.8,12000.0,19.576309,-155.517802,8,186,0.145,2,1.0,9,2,3,perhour,2.0,2,0.0,0.0,[],[],5443074,0.0,-11.1,
404,1669937489.492,a02b45,adsb_icao,N11QN   ,N11QN,EC30,10625,11250.0,83.2,218.66,320.0,1200,none,A7,1016.8,12000.0,19.565906,-155.523759,8,186,0.0,2,1.0,9,2,3,perhour,2.0,2,0.0,0.0,[],[],5443302,0.0,-19.5,
405,1669937519.492,a02b45,adsb_icao,N11QN   ,N11QN,EC30,10825,11475.0,79.7,241.5,384.0,1200,none,A7,1016.8,12000.0,19.559189,-155.533153,8,186,0.155,2,1.0,9,2,3,perhour,2.0,2,0.0,0.0,[],[],5443536,0.1,-12.8,
406,1669937549.492,a02b45,adsb_icao,N11QN   ,N11QN,EC30,10900,11550.0,88.3,250.13,-64.0,1200,none,A7,1016.8,12000.0,19.553011,-155.543585,8,186,0.589,2,1.0,9,2,3,perhour,2.0,2,0.0,0.0,[],[],5443761,0.2,-14.2,
407,1669937579.492,a02b45,adsb_icao,N11QN   ,N11QN,EC30,10875,11525.0,87.1,350.75,-64.0,1200,none,A7,1016.8,12000.0,19.557154,-155.553822,8,186,0.716,2,1.0,9,2,3,perhour,2.0,2,0.0,0.0,[],[],5443991,0.30000000000000004,-8.8,
408,1669937609.492,a02b45,adsb_icao,N11QN   ,N11QN,EC30,10800,11425.0,93.6,103.59,-128.0,1200,none,A7,1016.8,12000.0,19.562461,-155.544434,8,186,0.389,2,1.0,9,2,3,perhour,2.0,2,0.0,0.0,[],[],5444231,0.1,-8.6,
409,1669937639.492,a02b45,adsb_icao,N11QN   ,N11QN,EC30,10775,11400.0,104.1,106.17,-64.0,1200,none,A7,1016.8,12000.0,19.558504,-155.530451,8,186,0.34500000000000003,2,1.0,9,2,3,perhour,2.0,2,0.0,0.0,[],[],5444466,0.30000000000000004,-15.3,
410,1669937669.492,a02b45,adsb_icao,N11QN   ,N11QN,EC30,10775,11400.0,88.4,21.92,-64.0,1200,none,A7,1016.8,12000.0,19.561157,-155.517967,8,186,0.111,2,1.0,9,2,3,perhour,2.0,2,0.0,0.0,[],[],5444688,0.1,-16.7,
411,1669937699.492,a02b45,adsb_icao,N11QN   ,N11QN,EC30,10850,11500.0,80.5,241.84,320.0,1200,none,A7,1016.8,12000.0,19.564928,-155.525307,8,186,0.026000000000000002,2,1.0,9,2,3,perhour,2.0,2,0.0,0.0,[],[],5444921,0.0,-11.6,
412,1669937729.493,a02b45,adsb_icao,N11QN   ,N11QN,EC30,10875,11500.0,83.7,240.68,0.0,1200,none,A7,1016.8,12000.0,19.559574,-155.535645,8,186,0.001,2,1.0,9,2,3,perhour,2.0,2,0.0,0.0,[],[],5445154,0.0,-17.9,
413,1669937759.492,a02b45,adsb_icao,N11QN   ,N11QN,EC30,10900,11550.0,78.7,244.41,-320.0,1200,none,A7,1016.8,12000.0,19.553741,-155.545709,8,186,0.459,2,1.0,9,2,3,perhour,2.0,2,0.0,0.0,[],[],5445386,0.30000000000000004,-11.5,
414,1669937789.493,a02b45,adsb_icao,N11QN   ,N11QN,EC30,10650,11275.0,81.0,28.78,-576.0,1200,none,A7,1016.8,12000.0,19.558504,-155.552074,8,186,0.194,2,1.0,9,2,3,perhour,2.0,2,0.0,0.0,[],[],5445618,0.2,-8.2,
415,1669937819.494,a02b45,adsb_icao,N11QN   ,N11QN,EC30,10450,11075.0,99.0,78.35,-384.0,1200,none,A7,1016.8,12000.0,19.562897,-155.539725,8,186,0.21,2,1.0,9,2,3,perhour,2.0,2,0.0,0.0,[],[],5445849,0.2,-16.5,
416,1669937849.492,a02b45,adsb_icao,N11QN   ,N11QN,EC30,10350,10950.0,91.6,40.13,64.0,1200,none,A7,1016.8,12000.0,19.567675,-155.526806,8,186,0.509,2,1.0,9,2,3,perhour,2.0,2,0.0,0.0,[],[],5446085,0.30000000000000004,-7.2,
417,1669937879.492,a02b45,adsb_icao,N11QN   ,N11QN,EC30,10300,10900.0,97.3,14.89,-384.0,1200,none,A7,1016.8,12000.0,19.578987,-155.520863,8,186,0.58,2,1.0,9,2,3,perhour,2.0,2,0.0,0.0,[],[],5446315,0.2,-10.8,
418,1669937909.492,a02b45,adsb_icao,N11QN   ,N11QN,EC30,10100,10675.0,104.2,8.83,-320.0,1200,none,A7,1016.8,12000.0,19.59272,-155.517817,8,186,0.549,2,1.0,9,2,3,perhour,2.0,2,0.0,0.0,[],[],5446546,0.2,-12.9,
419,1669937939.492,a02b45,adsb_icao,N11QN   ,N11QN,EC30,10025,10625.0,64.1,272.68,384.0,1200,none,A7,1016.8,12000.0,19.604004,-155.519518,8,186,0.279,2,1.0,9,2,3,perhour,2.0,2,0.0,0.0,[],[],5446775,0.30000000000000004,-6.8,
420,1669937969.492,a02b45,adsb_icao,N11QN   ,N11QN,EC30,10075,10675.0,90.3,170.43,-64.0,1200,none,A7,1016.8,12000.0,19.594711,-155.520303,8,186,0.482,2,1.0,9,2,3,perhour,2.0,2,0.0,0.0,[],[],5447000,0.5,-9.4,
421,1669937999.492,a02b45,adsb_icao,N11QN   ,N11QN,EC30,10225,10825.0,86.4,185.31,384.0,1200,none,A7,1016.8,12000.0,19.582214,-155.520058,8,186,0.156,2,1.0,9,2,3,perhour,2.0,2,0.0,0.0,[],[],5447235,0.2,-12.7,
422,1669938029.492,a02b45,adsb_icao,N11QN   ,N11QN,EC30,10450,11075.0,83.2,184.13,512.0,1200,none,A7,1016.8,12000.0,19.570404,-155.521284,8,186,0.505,2,1.0,9,2,3,perhour,2.0,2,0.0,0.0,[],[],5447436,0.2,-9.6,
423,1669938059.492,a02b45,adsb_icao,N11QN   ,N11QN,EC30,10725,11350.0,60.0,270.0,448.0,1200,none,A7,1016.8,12000.0,19.562714,-155.52609,8,186,0.308,2,1.0,9,2,3,perhour,2.0,2,0.0,0.0,[],[],5447658,0.1,-15.2,
424,1669938089.492,a02b45,adsb_icao,N11QN   ,N11QN,EC30,10475,11075.0,91.6,21.8,-512.0,1200,none,A7,1016.8,12000.0,19.571503,-155.529278,8,186,0.553,2,1.0,9,2,3,perhour,2.0,2,0.0,0.0,[],[],5447899,0.2,-14.2,
425,1669938119.492,a02b45,adsb_icao,N11QN   ,N11QN,EC30,10250,10850.0,97.3,4.71,-384.0,1200,none,A7,1016.8,12000.0,19.584387,-155.525657,8,186,0.291,2,1.0,9,2,3,perhour,2.0,2,0.0,0.0,[],[],5448134,0.1,-9.6,
426,1669938149.492,a02b45,adsb_icao,N11QN   ,N11QN,EC30,10125,10700.0,102.5,354.4,-128.0,1200,none,A7,1016.8,12000.0,19.598465,-155.525894,8,186,0.1,2,1.0,9,2,3,perhour,2.0,2,0.0,0.0,[],[],5448359,0.0,-10.7,
427,1669938179.492,a02b45,adsb_icao,N11QN   ,N11QN,EC30,10075,10650.0,103.1,351.63,64.0,1200,none,A7,1016.8,12000.0,19.612793,-155.527611,8,186,0.628,2,1.0,9,2,3,perhour,2.0,2,0.0,0.0,[],[],5448590,0.4,-9.3,
428,1669938209.492,a02b45,adsb_icao,N11QN   ,N11QN,EC30,10025,10600.0,99.0,343.58,128.0,1200,none,A7,1016.8,12000.0,19.626842,-155.530751,8,186,0.398,2,1.0,9,2,3,perhour,2.0,2,0.0,0.0,[],[],5448828,0.0,-13.1,
429,1669938239.492,a02b45,adsb_icao,N11QN   ,N11QN,EC30,9925,10475.0,105.4,343.46,-128.0,1200,none,A7,1016.8,12000.0,19.640717,-155.534772,8,186,0.0,2,1.0,9,2,3,perhour,2.0,2,0.0,0.0,[],[],5449068,0.0,-13.3,
430,1669938269.492,a02b45,adsb_icao,N11QN   ,N11QN,EC30,9775,10325.0,108.6,323.24,-256.0,1200,none,A7,1016.8,12000.0,19.654358,-155.541491,8,186,0.006,2,1.0,9,2,3,perhour,2.0,2,0.0,0.0,[],[],5449299,0.0,-12.1,
431,1669938299.492,a02b45,adsb_icao,N11QN   ,N11QN,EC30,9725,10275.0,107.8,322.92,0.0,1200,none,A7,1016.8,12000.0,19.6659,-155.551375,8,186,0.077,2,1.0,9,2,3,perhour,2.0,2,0.0,0.0,[],[],5449530,0.1,-13.1,
432,1669938329.492,a02b45,adsb_icao,N11QN   ,N11QN,EC30,9675,10225.0,109.7,331.1,-192.0,1200,none,A7,1016.8,12000.0,19.678841,-155.559715,8,186,0.034,2,1.0,9,2,3,perhour,2.0,2,0.0,0.0,[],[],5449759,0.0,-8.4,
433,1669938359.492,a02b45,adsb_icao,N11QN   ,N11QN,EC30,9575,10125.0,110.0,334.13,-128.0,1200,none,A7,1016.8,12000.0,19.692481,-155.567105,8,186,0.214,2,1.0,9,2,3,perhour,2.0,2,0.0,0.0,[],[],5449986,0.0,-10.1,
434,1669938389.492,a02b45,adsb_icao,N11QN   ,N11QN,EC30,9550,10075.0,107.8,334.15,-64.0,1200,none,A7,1016.8,12000.0,19.706167,-155.574047,8,186,0.038,2,1.0,9,2,3,perhour,2.0,2,0.0,0.0,[],[],5450219,0.0,-12.8,
435,1669938419.492,a02b45,adsb_icao,N11QN   ,N11QN,EC30,9500,10025.0,107.8,331.77,-192.0,1200,none,A7,1016.8,12000.0,19.719635,-155.581169,8,186,0.117,2,1.0,9,2,3,perhour,2.0,2,0.0,0.0,[],[],5450450,0.1,-14.1,
436,1669938449.492,a02b45,adsb_icao,N11QN   ,N11QN,EC30,9300,9825.0,111.9,331.14,-448.0,1200,none,A7,1016.8,12000.0,19.732609,-155.589577,8,186,0.217,2,1.0,9,2,3,perhour,2.0,2,0.0,0.0,[],[],5450644,0.2,-14.7,
437,1669938479.492,a02b45,adsb_icao,N11QN   ,N11QN,EC30,9175,9700.0,100.0,358.85,-320.0,1200,none,A7,1016.8,12000.0,19.747133,-155.592773,8,186,0.202,2,1.0,9,2,3,perhour,2.0,2,0.0,0.0,[],[],5450838,0.2,-10.1,
438,1669938509.492,a02b45,adsb_icao,N11QN   ,N11QN,EC30,9000,9500.0,94.4,9.76,-192.0,1200,none,A7,1016.8,12000.0,19.760634,-155.591425,8,186,0.157,2,1.0,9,2,3,perhour,2.0,2,0.0,0.0,[],[],5451036,0.2,-7.4,
439,1669938539.492,a02b45,adsb_icao,N11QN   ,N11QN,EC30,8950,9475.0,86.5,22.42,128.0,1200,none,A7,1016.8,12000.0,19.772461,-155.586858,8,186,0.011,2,1.0,9,2,3,perhour,2.0,2,0.0,0.0,[],[],5451233,0.0,-14.2,
440,1669938569.492,a02b45,adsb_icao,N11QN   ,N11QN,EC30,9000,9525.0,84.1,327.63,-64.0,1200,none,A7,1016.8,12000.0,19.783211,-155.58778,8,186,0.255,2,1.0,9,2,3,perhour,2.0,2,0.0,0.0,[],[],5451428,0.1,-11.5,
441,1669938599.492,a02b45,adsb_icao,N11QN   ,N11QN,EC30,8850,9350.0,95.4,303.02,-448.0,1200,none,A7,1016.8,12000.0,19.791358,-155.598017,8,186,0.0,2,1.0,9,2,3,perhour,2.0,2,0.0,0.0,[],[],5451627,0.0,-4.6,
442,1669938629.492,a02b45,adsb_icao,N11QN   ,N11QN,EC30,8825,9325.0,93.2,299.59,-128.0,1200,none,A7,1016.8,12000.0,19.798645,-155.608733,8,186,0.598,2,1.0,9,2,3,perhour,2.0,2,0.0,0.0,[],[],5451789,0.30000000000000004,-8.6,
443,1669938659.492,a02b45,adsb_icao,N11QN   ,N11QN,EC30,8300,8775.0,101.2,249.78,-1216.0,1200,none,A7,1016.8,12000.0,19.798713,-155.623335,8,186,0.261,2,1.0,9,2,3,perhour,2.0,2,0.0,0.0,[],[],5451972,0.30000000000000004,-6.1,
444,1669938689.492,a02b45,adsb_icao,N11QN   ,N11QN,EC30,7650,8100.0,91.7,263.11,-1344.0,1200,none,A7,1016.8,12000.0,19.792465,-155.635071,8,186,0.378,2,1.0,9,2,3,perhour,1.0,2,0.0,0.0,[],[],5452165,0.1,-7.3,
445,1669938719.492,a02b45,adsb_icao,N11QN   ,N11QN,EC30,6775,7175.0,99.1,272.31,-1856.0,1200,none,A7,1016.8,12000.0,19.792603,-155.649098,8,186,0.502,2,1.0,9,2,3,perhour,1.0,2,0.0,0.0,[],[],5452362,0.2,-10.1,
446,1669938749.492,a02b45,adsb_icao,N11QN   ,N11QN,EC30,6000,6350.0,93.7,348.93,-1216.0,1200,none,A7,1016.8,12000.0,19.799057,-155.659986,8,186,0.074,2,1.0,9,2,3,perhour,1.0,2,0.0,0.0,[],[],5452555,0.1,-7.7,
447,1669938779.492,a02b45,adsb_icao,N11QN   ,N11QN,EC30,5375,5700.0,101.4,319.4,-1152.0,1200,none,A7,1016.8,12000.0,19.811508,-155.665921,8,186,0.10300000000000001,2,1.0,9,2,3,perhour,1.0,2,0.0,0.0,[],[],5452751,0.1,-7.7,
448,1669938809.492,a02b45,adsb_icao,N11QN   ,N11QN,EC30,4975,5275.0,108.6,310.14,-640.0,1200,none,A7,1016.8,12000.0,19.821151,-155.676969,8,186,0.179,2,1.0,9,2,3,perhour,1.0,2,0.0,0.0,[],[],5452949,0.2,-8.2,
449,1669938839.492,a02b45,adsb_icao,N11QN   ,N11QN,EC30,4725,5025.0,103.8,302.01,-448.0,1200,none,A7,1016.8,12000.0,19.830183,-155.689903,8,186,0.096,2,1.0,9,2,3,perhour,1.0,2,0.0,0.0,[],[],5453150,0.1,-3.8,
450,1669938869.492,a02b45,adsb_icao,N11QN   ,N11QN,EC30,4550,4825.0,110.2,293.54,-192.0,1200,none,A7,1016.8,12000.0,19.836653,-155.703586,8,186,0.007,2,1.0,9,2,3,perhour,1.0,2,0.0,0.0,[],[],5453345,0.0,-2.8,
451,1669938899.492,a02b45,adsb_icao,N11QN   ,N11QN,EC30,4325,4600.0,108.2,289.44,-384.0,1200,none,A7,1016.8,12000.0,19.8421,-155.718517,8,186,0.176,2,1.0,9,2,3,perhour,1.0,2,0.0,0.0,[],[],5453545,0.2,-4.5,
452,1669938929.492,a02b45,adsb_icao,N11QN   ,N11QN,EC30,4200,4450.0,112.0,290.38,-192.0,1200,none,A7,1016.8,12000.0,19.847128,-155.733698,8,186,0.157,2,1.0,9,2,3,perhour,1.0,2,0.0,0.0,[],[],5453739,0.2,-2.8,
453,1669938959.492,a02b45,adsb_icao,N11QN   ,N11QN,EC30,3925,4150.0,110.6,294.02,-896.0,1200,none,A7,1016.8,12000.0,19.852936,-155.748956,8,186,0.275,2,1.0,9,2,3,perhour,1.0,2,0.0,0.0,[],[],5453937,0.30000000000000004,-3.1,
454,1669938989.492,a02b45,adsb_icao,N11QN   ,N11QN,EC30,3525,3750.0,107.5,300.14,-1088.0,1200,none,A7,1016.8,12000.0,19.859417,-155.763161,8,186,0.127,2,1.0,9,2,3,perhour,1.0,2,0.0,0.0,[],[],5454137,0.1,-2.4,
455,1669939019.492,a02b45,adsb_icao,N11QN   ,N11QN,EC30,3225,3425.0,104.0,303.23,-448.0,1200,none,A7,1016.8,12000.0,19.867126,-155.776324,8,186,0.15,2,1.0,9,2,3,perhour,1.0,2,0.0,0.0,[],[],5454334,0.1,-2.4,
456,1669939049.492,a02b45,adsb_icao,N11QN   ,N11QN,EC30,2775,2975.0,97.6,307.93,-960.0,1200,none,A7,1016.8,12000.0,19.875385,-155.78828,8,186,0.232,2,1.0,9,2,3,perhour,1.0,2,0.0,0.0,[],[],5454529,0.2,-2.3,
457,1669939079.492,a02b45,adsb_icao,N11QN   ,N11QN,EC30,2400,2575.0,94.9,318.42,-1024.0,1200,none,A7,1016.8,12000.0,19.884521,-155.79864,8,186,0.24,2,1.0,9,2,3,perhour,1.0,2,0.0,0.0,[],[],5454725,0.2,-2.6,
458,1669939109.492,a02b45,adsb_icao,N11QN   ,N11QN,EC30,2075,2225.0,94.6,321.43,-320.0,1200,none,A7,1016.8,12000.0,19.894704,-155.807356,8,186,0.319,2,1.0,9,2,3,perhour,1.0,2,0.0,0.0,[],[],5454908,0.30000000000000004,-2.9,
459,1669939139.492,a02b45,adsb_icao,N11QN   ,N11QN,EC30,1725,1850.0,82.8,316.47,-704.0,1200,none,A7,1016.8,12000.0,19.904434,-155.815757,8,186,0.005,2,1.0,9,2,3,perhour,1.0,2,0.0,0.0,[],[],5455080,0.0,-1.8,
460,1669939169.492,a02b45,adsb_icao,N11QN   ,N11QN,EC30,1400,1525.0,78.2,290.98,-768.0,1200,none,A7,1016.8,12000.0,19.911346,-155.824683,8,186,0.08700000000000001,2,1.0,9,2,3,perhour,1.0,2,0.0,0.0,[],[],5455244,0.1,-1.5,
