,r,lat,lon,now,timestamp
0,e88dedd9-6dae-441e-ac8f-a4f4508bc46d,5.00000,1.00000,1721059200,2024-07-15 12:00:00.000000
1,24d5c557-14d4-45cb-83d0-0439962fcb3b,5.00001,1.00001,1721059800,2024-07-15 12:10:00.000000
2,e88dedd9-6dae-441e-ac8f-a4f4508bc46d,5.10000,1.10000,1721059800,2024-07-15 12:10:00.000000
3,9e30eaa4-3f3b-433b-a744-9754eb10fe92,51.484423,-0.148931,1710950700,2024-03-20 12:05:00-04:00
4,e88dedd9-6dae-441e-ac8f-a4f4508bc46d,5.20000,1.20000,1721060400,2024-07-15 12:20:00.000000
5,24d5c557-14d4-45cb-83d0-0439962fcb3b,5.10001,1.10001,1721060400,2024-07-15 12:20:00.000000
6,24d5c557-14d4-45cb-83d0-0439962fcb3b,5.20001,1.20001,1721061000,2024-07-15 12:30:00.000000
7,9e30eaa4-3f3b-433b-a744-9754eb10fe92,51.465229,-0.186849,1721060100,2024-03-20 12:15:00-04:00
8,9e30eaa4-3f3b-433b-a744-9754eb10fe92,51.476589,-0.225258,1721060700,2024-03-20 12:25:00-04:00
